State,ZipCode,TaxRegionName,StateRate,EstimatedCombinedRate,EstimatedCountyRate,EstimatedCityRate,EstimatedSpecialRate,RiskLevel
CT,06001,"CONNECTICUT STATE",0.063500,0.063500,0,0,0,0
CT,06002,"CONNECTICUT STATE",0.063500,0.063500,0,0,0,0
CT,06006,"CONNECTICUT STATE",0.063500,0.063500,0,0,0,0
CT,06010,"CONNECTICUT STATE",0.063500,0.063500,0,0,0,0
CT,06011,"CONNECTICUT STATE",0.063500,0.063500,0,0,0,0
CT,06013,"CONNECTICUT STATE",0.063500,0.063500,0,0,0,0
CT,06016,"CONNECTICUT STATE",0.063500,0.063500,0,0,0,0
CT,06018,"CONNECTICUT STATE",0.063500,0.063500,0,0,0,0
CT,06019,"CONNECTICUT STATE",0.063500,0.063500,0,0,0,0
CT,06020,"CONNECTICUT STATE",0.063500,0.063500,0,0,0,0
CT,06021,"CONNECTICUT STATE",0.063500,0.063500,0,0,0,0
CT,06022,"CONNECTICUT STATE",0.063500,0.063500,0,0,0,0
CT,06023,"CONNECTICUT STATE",0.063500,0.063500,0,0,0,0
CT,06024,"CONNECTICUT STATE",0.063500,0.063500,0,0,0,0
CT,06025,"CONNECTICUT STATE",0.063500,0.063500,0,0,0,0
CT,06026,"CONNECTICUT STATE",0.063500,0.063500,0,0,0,0
CT,06027,"CONNECTICUT STATE",0.063500,0.063500,0,0,0,0
CT,06028,"CONNECTICUT STATE",0.063500,0.063500,0,0,0,0
CT,06029,"CONNECTICUT STATE",0.063500,0.063500,0,0,0,0
CT,06030,"CONNECTICUT STATE",0.063500,0.063500,0,0,0,0
CT,06031,"CONNECTICUT STATE",0.063500,0.063500,0,0,0,0
CT,06032,"CONNECTICUT STATE",0.063500,0.063500,0,0,0,0
CT,06033,"CONNECTICUT STATE",0.063500,0.063500,0,0,0,0
CT,06034,"CONNECTICUT STATE",0.063500,0.063500,0,0,0,0
CT,06035,"CONNECTICUT STATE",0.063500,0.063500,0,0,0,0
CT,06037,"CONNECTICUT STATE",0.063500,0.063500,0,0,0,0
CT,06039,"CONNECTICUT STATE",0.063500,0.063500,0,0,0,0
CT,06040,"CONNECTICUT STATE",0.063500,0.063500,0,0,0,0
CT,06041,"CONNECTICUT STATE",0.063500,0.063500,0,0,0,0
CT,06042,"CONNECTICUT STATE",0.063500,0.063500,0,0,0,0
CT,06043,"CONNECTICUT STATE",0.063500,0.063500,0,0,0,0
CT,06045,"CONNECTICUT STATE",0.063500,0.063500,0,0,0,0
CT,06050,"CONNECTICUT STATE",0.063500,0.063500,0,0,0,0
CT,06051,"CONNECTICUT STATE",0.063500,0.063500,0,0,0,0
CT,06052,"CONNECTICUT STATE",0.063500,0.063500,0,0,0,0
CT,06053,"CONNECTICUT STATE",0.063500,0.063500,0,0,0,0
CT,06057,"CONNECTICUT STATE",0.063500,0.063500,0,0,0,0
CT,06058,"CONNECTICUT STATE",0.063500,0.063500,0,0,0,0
CT,06059,"CONNECTICUT STATE",0.063500,0.063500,0,0,0,0
CT,06060,"CONNECTICUT STATE",0.063500,0.063500,0,0,0,0
CT,06061,"CONNECTICUT STATE",0.063500,0.063500,0,0,0,0
CT,06062,"CONNECTICUT STATE",0.063500,0.063500,0,0,0,0
CT,06063,"CONNECTICUT STATE",0.063500,0.063500,0,0,0,0
CT,06064,"CONNECTICUT STATE",0.063500,0.063500,0,0,0,0
CT,06065,"CONNECTICUT STATE",0.063500,0.063500,0,0,0,0
CT,06066,"CONNECTICUT STATE",0.063500,0.063500,0,0,0,0
CT,06067,"CONNECTICUT STATE",0.063500,0.063500,0,0,0,0
CT,06068,"CONNECTICUT STATE",0.063500,0.063500,0,0,0,0
CT,06069,"CONNECTICUT STATE",0.063500,0.063500,0,0,0,0
CT,06070,"CONNECTICUT STATE",0.063500,0.063500,0,0,0,0
CT,06071,"CONNECTICUT STATE",0.063500,0.063500,0,0,0,0
CT,06072,"CONNECTICUT STATE",0.063500,0.063500,0,0,0,0
CT,06073,"CONNECTICUT STATE",0.063500,0.063500,0,0,0,0
CT,06074,"CONNECTICUT STATE",0.063500,0.063500,0,0,0,0
CT,06075,"CONNECTICUT STATE",0.063500,0.063500,0,0,0,0
CT,06076,"CONNECTICUT STATE",0.063500,0.063500,0,0,0,0
CT,06077,"CONNECTICUT STATE",0.063500,0.063500,0,0,0,0
CT,06078,"CONNECTICUT STATE",0.063500,0.063500,0,0,0,0
CT,06079,"CONNECTICUT STATE",0.063500,0.063500,0,0,0,0
CT,06080,"CONNECTICUT STATE",0.063500,0.063500,0,0,0,0
CT,06081,"CONNECTICUT STATE",0.063500,0.063500,0,0,0,0
CT,06082,"CONNECTICUT STATE",0.063500,0.063500,0,0,0,0
CT,06083,"CONNECTICUT STATE",0.063500,0.063500,0,0,0,0
CT,06084,"CONNECTICUT STATE",0.063500,0.063500,0,0,0,0
CT,06085,"CONNECTICUT STATE",0.063500,0.063500,0,0,0,0
CT,06088,"CONNECTICUT STATE",0.063500,0.063500,0,0,0,0
CT,06089,"CONNECTICUT STATE",0.063500,0.063500,0,0,0,0
CT,06090,"CONNECTICUT STATE",0.063500,0.063500,0,0,0,0
CT,06091,"CONNECTICUT STATE",0.063500,0.063500,0,0,0,0
CT,06092,"CONNECTICUT STATE",0.063500,0.063500,0,0,0,0
CT,06093,"CONNECTICUT STATE",0.063500,0.063500,0,0,0,0
CT,06095,"CONNECTICUT STATE",0.063500,0.063500,0,0,0,0
CT,06096,"CONNECTICUT STATE",0.063500,0.063500,0,0,0,0
CT,06098,"CONNECTICUT STATE",0.063500,0.063500,0,0,0,0
CT,06101,"CONNECTICUT STATE",0.063500,0.063500,0,0,0,0
CT,06102,"CONNECTICUT STATE",0.063500,0.063500,0,0,0,0
CT,06103,"CONNECTICUT STATE",0.063500,0.063500,0,0,0,0
CT,06105,"CONNECTICUT STATE",0.063500,0.063500,0,0,0,0
CT,06106,"CONNECTICUT STATE",0.063500,0.063500,0,0,0,0
CT,06107,"CONNECTICUT STATE",0.063500,0.063500,0,0,0,0
CT,06108,"CONNECTICUT STATE",0.063500,0.063500,0,0,0,0
CT,06109,"CONNECTICUT STATE",0.063500,0.063500,0,0,0,0
CT,06110,"CONNECTICUT STATE",0.063500,0.063500,0,0,0,0
CT,06111,"CONNECTICUT STATE",0.063500,0.063500,0,0,0,0
CT,06112,"CONNECTICUT STATE",0.063500,0.063500,0,0,0,0
CT,06114,"CONNECTICUT STATE",0.063500,0.063500,0,0,0,0
CT,06115,"CONNECTICUT STATE",0.063500,0.063500,0,0,0,0
CT,06117,"CONNECTICUT STATE",0.063500,0.063500,0,0,0,0
CT,06118,"CONNECTICUT STATE",0.063500,0.063500,0,0,0,0
CT,06119,"CONNECTICUT STATE",0.063500,0.063500,0,0,0,0
CT,06120,"CONNECTICUT STATE",0.063500,0.063500,0,0,0,0
CT,06123,"CONNECTICUT STATE",0.063500,0.063500,0,0,0,0
CT,06126,"CONNECTICUT STATE",0.063500,0.063500,0,0,0,0
CT,06127,"CONNECTICUT STATE",0.063500,0.063500,0,0,0,0
CT,06128,"CONNECTICUT STATE",0.063500,0.063500,0,0,0,0
CT,06129,"CONNECTICUT STATE",0.063500,0.063500,0,0,0,0
CT,06131,"CONNECTICUT STATE",0.063500,0.063500,0,0,0,0
CT,06132,"CONNECTICUT STATE",0.063500,0.063500,0,0,0,0
CT,06133,"CONNECTICUT STATE",0.063500,0.063500,0,0,0,0
CT,06134,"CONNECTICUT STATE",0.063500,0.063500,0,0,0,0
CT,06137,"CONNECTICUT STATE",0.063500,0.063500,0,0,0,0
CT,06138,"CONNECTICUT STATE",0.063500,0.063500,0,0,0,0
CT,06141,"CONNECTICUT STATE",0.063500,0.063500,0,0,0,0
CT,06142,"CONNECTICUT STATE",0.063500,0.063500,0,0,0,0
CT,06143,"CONNECTICUT STATE",0.063500,0.063500,0,0,0,0
CT,06144,"CONNECTICUT STATE",0.063500,0.063500,0,0,0,0
CT,06145,"CONNECTICUT STATE",0.063500,0.063500,0,0,0,0
CT,06146,"CONNECTICUT STATE",0.063500,0.063500,0,0,0,0
CT,06147,"CONNECTICUT STATE",0.063500,0.063500,0,0,0,0
CT,06152,"CONNECTICUT STATE",0.063500,0.063500,0,0,0,0
CT,06153,"CONNECTICUT STATE",0.063500,0.063500,0,0,0,0
CT,06154,"CONNECTICUT STATE",0.063500,0.063500,0,0,0,0
CT,06155,"CONNECTICUT STATE",0.063500,0.063500,0,0,0,0
CT,06156,"CONNECTICUT STATE",0.063500,0.063500,0,0,0,0
CT,06160,"CONNECTICUT STATE",0.063500,0.063500,0,0,0,0
CT,06161,"CONNECTICUT STATE",0.063500,0.063500,0,0,0,0
CT,06167,"CONNECTICUT STATE",0.063500,0.063500,0,0,0,0
CT,06183,"CONNECTICUT STATE",0.063500,0.063500,0,0,0,0
CT,06199,"CONNECTICUT STATE",0.063500,0.063500,0,0,0,0
CT,06226,"CONNECTICUT STATE",0.063500,0.063500,0,0,0,0
CT,06230,"CONNECTICUT STATE",0.063500,0.063500,0,0,0,0
CT,06231,"CONNECTICUT STATE",0.063500,0.063500,0,0,0,0
CT,06232,"CONNECTICUT STATE",0.063500,0.063500,0,0,0,0
CT,06233,"CONNECTICUT STATE",0.063500,0.063500,0,0,0,0
CT,06234,"CONNECTICUT STATE",0.063500,0.063500,0,0,0,0
CT,06235,"CONNECTICUT STATE",0.063500,0.063500,0,0,0,0
CT,06237,"CONNECTICUT STATE",0.063500,0.063500,0,0,0,0
CT,06238,"CONNECTICUT STATE",0.063500,0.063500,0,0,0,0
CT,06239,"CONNECTICUT STATE",0.063500,0.063500,0,0,0,0
CT,06241,"CONNECTICUT STATE",0.063500,0.063500,0,0,0,0
CT,06242,"CONNECTICUT STATE",0.063500,0.063500,0,0,0,0
CT,06243,"CONNECTICUT STATE",0.063500,0.063500,0,0,0,0
CT,06244,"CONNECTICUT STATE",0.063500,0.063500,0,0,0,0
CT,06246,"CONNECTICUT STATE",0.063500,0.063500,0,0,0,0
CT,06247,"CONNECTICUT STATE",0.063500,0.063500,0,0,0,0
CT,06248,"CONNECTICUT STATE",0.063500,0.063500,0,0,0,0
CT,06249,"CONNECTICUT STATE",0.063500,0.063500,0,0,0,0
CT,06250,"CONNECTICUT STATE",0.063500,0.063500,0,0,0,0
CT,06251,"CONNECTICUT STATE",0.063500,0.063500,0,0,0,0
CT,06254,"CONNECTICUT STATE",0.063500,0.063500,0,0,0,0
CT,06255,"CONNECTICUT STATE",0.063500,0.063500,0,0,0,0
CT,06256,"CONNECTICUT STATE",0.063500,0.063500,0,0,0,0
CT,06258,"CONNECTICUT STATE",0.063500,0.063500,0,0,0,0
CT,06259,"CONNECTICUT STATE",0.063500,0.063500,0,0,0,0
CT,06260,"CONNECTICUT STATE",0.063500,0.063500,0,0,0,0
CT,06262,"CONNECTICUT STATE",0.063500,0.063500,0,0,0,0
CT,06263,"CONNECTICUT STATE",0.063500,0.063500,0,0,0,0
CT,06264,"CONNECTICUT STATE",0.063500,0.063500,0,0,0,0
CT,06266,"CONNECTICUT STATE",0.063500,0.063500,0,0,0,0
CT,06267,"CONNECTICUT STATE",0.063500,0.063500,0,0,0,0
CT,06268,"CONNECTICUT STATE",0.063500,0.063500,0,0,0,0
CT,06269,"CONNECTICUT STATE",0.063500,0.063500,0,0,0,0
CT,06277,"CONNECTICUT STATE",0.063500,0.063500,0,0,0,0
CT,06278,"CONNECTICUT STATE",0.063500,0.063500,0,0,0,0
CT,06279,"CONNECTICUT STATE",0.063500,0.063500,0,0,0,0
CT,06280,"CONNECTICUT STATE",0.063500,0.063500,0,0,0,0
CT,06281,"CONNECTICUT STATE",0.063500,0.063500,0,0,0,0
CT,06282,"CONNECTICUT STATE",0.063500,0.063500,0,0,0,0
CT,06320,"CONNECTICUT STATE",0.063500,0.063500,0,0,0,0
CT,06330,"CONNECTICUT STATE",0.063500,0.063500,0,0,0,0
CT,06331,"CONNECTICUT STATE",0.063500,0.063500,0,0,0,0
CT,06332,"CONNECTICUT STATE",0.063500,0.063500,0,0,0,0
CT,06333,"CONNECTICUT STATE",0.063500,0.063500,0,0,0,0
CT,06334,"CONNECTICUT STATE",0.063500,0.063500,0,0,0,0
CT,06335,"CONNECTICUT STATE",0.063500,0.063500,0,0,0,0
CT,06336,"CONNECTICUT STATE",0.063500,0.063500,0,0,0,0
CT,06338,"CONNECTICUT STATE",0.063500,0.063500,0,0,0,0
CT,06339,"CONNECTICUT STATE",0.063500,0.063500,0,0,0,0
CT,06340,"CONNECTICUT STATE",0.063500,0.063500,0,0,0,0
CT,06349,"CONNECTICUT STATE",0.063500,0.063500,0,0,0,0
CT,06350,"CONNECTICUT STATE",0.063500,0.063500,0,0,0,0
CT,06351,"CONNECTICUT STATE",0.063500,0.063500,0,0,0,0
CT,06353,"CONNECTICUT STATE",0.063500,0.063500,0,0,0,0
CT,06354,"CONNECTICUT STATE",0.063500,0.063500,0,0,0,0
CT,06355,"CONNECTICUT STATE",0.063500,0.063500,0,0,0,0
CT,06357,"CONNECTICUT STATE",0.063500,0.063500,0,0,0,0
CT,06359,"CONNECTICUT STATE",0.063500,0.063500,0,0,0,0
CT,06360,"CONNECTICUT STATE",0.063500,0.063500,0,0,0,0
CT,06365,"CONNECTICUT STATE",0.063500,0.063500,0,0,0,0
CT,06370,"CONNECTICUT STATE",0.063500,0.063500,0,0,0,0
CT,06371,"CONNECTICUT STATE",0.063500,0.063500,0,0,0,0
CT,06372,"CONNECTICUT STATE",0.063500,0.063500,0,0,0,0
CT,06373,"CONNECTICUT STATE",0.063500,0.063500,0,0,0,0
CT,06374,"CONNECTICUT STATE",0.063500,0.063500,0,0,0,0
CT,06375,"CONNECTICUT STATE",0.063500,0.063500,0,0,0,0
CT,06376,"CONNECTICUT STATE",0.063500,0.063500,0,0,0,0
CT,06377,"CONNECTICUT STATE",0.063500,0.063500,0,0,0,0
CT,06378,"CONNECTICUT STATE",0.063500,0.063500,0,0,0,0
CT,06379,"CONNECTICUT STATE",0.063500,0.063500,0,0,0,0
CT,06380,"CONNECTICUT STATE",0.063500,0.063500,0,0,0,0
CT,06382,"CONNECTICUT STATE",0.063500,0.063500,0,0,0,0
CT,06383,"CONNECTICUT STATE",0.063500,0.063500,0,0,0,0
CT,06384,"CONNECTICUT STATE",0.063500,0.063500,0,0,0,0
CT,06385,"CONNECTICUT STATE",0.063500,0.063500,0,0,0,0
CT,06387,"CONNECTICUT STATE",0.063500,0.063500,0,0,0,0
CT,06388,"CONNECTICUT STATE",0.063500,0.063500,0,0,0,0
CT,06389,"CONNECTICUT STATE",0.063500,0.063500,0,0,0,0
CT,06401,"CONNECTICUT STATE",0.063500,0.063500,0,0,0,0
CT,06403,"CONNECTICUT STATE",0.063500,0.063500,0,0,0,0
CT,06404,"CONNECTICUT STATE",0.063500,0.063500,0,0,0,0
CT,06405,"CONNECTICUT STATE",0.063500,0.063500,0,0,0,0
CT,06408,"CONNECTICUT STATE",0.063500,0.063500,0,0,0,0
CT,06409,"CONNECTICUT STATE",0.063500,0.063500,0,0,0,0
CT,06410,"CONNECTICUT STATE",0.063500,0.063500,0,0,0,0
CT,06411,"CONNECTICUT STATE",0.063500,0.063500,0,0,0,0
CT,06412,"CONNECTICUT STATE",0.063500,0.063500,0,0,0,0
CT,06413,"CONNECTICUT STATE",0.063500,0.063500,0,0,0,0
CT,06414,"CONNECTICUT STATE",0.063500,0.063500,0,0,0,0
CT,06415,"CONNECTICUT STATE",0.063500,0.063500,0,0,0,0
CT,06416,"CONNECTICUT STATE",0.063500,0.063500,0,0,0,0
CT,06417,"CONNECTICUT STATE",0.063500,0.063500,0,0,0,0
CT,06418,"CONNECTICUT STATE",0.063500,0.063500,0,0,0,0
CT,06419,"CONNECTICUT STATE",0.063500,0.063500,0,0,0,0
CT,06420,"CONNECTICUT STATE",0.063500,0.063500,0,0,0,0
CT,06422,"CONNECTICUT STATE",0.063500,0.063500,0,0,0,0
CT,06423,"CONNECTICUT STATE",0.063500,0.063500,0,0,0,0
CT,06424,"CONNECTICUT STATE",0.063500,0.063500,0,0,0,0
CT,06426,"CONNECTICUT STATE",0.063500,0.063500,0,0,0,0
CT,06437,"CONNECTICUT STATE",0.063500,0.063500,0,0,0,0
CT,06438,"CONNECTICUT STATE",0.063500,0.063500,0,0,0,0
CT,06439,"CONNECTICUT STATE",0.063500,0.063500,0,0,0,0
CT,06440,"CONNECTICUT STATE",0.063500,0.063500,0,0,0,0
CT,06441,"CONNECTICUT STATE",0.063500,0.063500,0,0,0,0
CT,06442,"CONNECTICUT STATE",0.063500,0.063500,0,0,0,0
CT,06443,"CONNECTICUT STATE",0.063500,0.063500,0,0,0,0
CT,06444,"CONNECTICUT STATE",0.063500,0.063500,0,0,0,0
CT,06447,"CONNECTICUT STATE",0.063500,0.063500,0,0,0,0
CT,06450,"CONNECTICUT STATE",0.063500,0.063500,0,0,0,0
CT,06451,"CONNECTICUT STATE",0.063500,0.063500,0,0,0,0
CT,06455,"CONNECTICUT STATE",0.063500,0.063500,0,0,0,0
CT,06456,"CONNECTICUT STATE",0.063500,0.063500,0,0,0,0
CT,06457,"CONNECTICUT STATE",0.063500,0.063500,0,0,0,0
CT,06459,"CONNECTICUT STATE",0.063500,0.063500,0,0,0,0
CT,06460,"CONNECTICUT STATE",0.063500,0.063500,0,0,0,0
CT,06461,"CONNECTICUT STATE",0.063500,0.063500,0,0,0,0
CT,06467,"CONNECTICUT STATE",0.063500,0.063500,0,0,0,0
CT,06468,"CONNECTICUT STATE",0.063500,0.063500,0,0,0,0
CT,06469,"CONNECTICUT STATE",0.063500,0.063500,0,0,0,0
CT,06470,"CONNECTICUT STATE",0.063500,0.063500,0,0,0,0
CT,06471,"CONNECTICUT STATE",0.063500,0.063500,0,0,0,0
CT,06472,"CONNECTICUT STATE",0.063500,0.063500,0,0,0,0
CT,06473,"CONNECTICUT STATE",0.063500,0.063500,0,0,0,0
CT,06475,"CONNECTICUT STATE",0.063500,0.063500,0,0,0,0
CT,06477,"CONNECTICUT STATE",0.063500,0.063500,0,0,0,0
CT,06478,"CONNECTICUT STATE",0.063500,0.063500,0,0,0,0
CT,06479,"CONNECTICUT STATE",0.063500,0.063500,0,0,0,0
CT,06480,"CONNECTICUT STATE",0.063500,0.063500,0,0,0,0
CT,06481,"CONNECTICUT STATE",0.063500,0.063500,0,0,0,0
CT,06482,"CONNECTICUT STATE",0.063500,0.063500,0,0,0,0
CT,06483,"CONNECTICUT STATE",0.063500,0.063500,0,0,0,0
CT,06484,"CONNECTICUT STATE",0.063500,0.063500,0,0,0,0
CT,06487,"CONNECTICUT STATE",0.063500,0.063500,0,0,0,0
CT,06488,"CONNECTICUT STATE",0.063500,0.063500,0,0,0,0
CT,06489,"CONNECTICUT STATE",0.063500,0.063500,0,0,0,0
CT,06491,"CONNECTICUT STATE",0.063500,0.063500,0,0,0,0
CT,06492,"CONNECTICUT STATE",0.063500,0.063500,0,0,0,0
CT,06493,"CONNECTICUT STATE",0.063500,0.063500,0,0,0,0
CT,06494,"CONNECTICUT STATE",0.063500,0.063500,0,0,0,0
CT,06495,"CONNECTICUT STATE",0.063500,0.063500,0,0,0,0
CT,06498,"CONNECTICUT STATE",0.063500,0.063500,0,0,0,0
CT,06501,"CONNECTICUT STATE",0.063500,0.063500,0,0,0,0
CT,06502,"CONNECTICUT STATE",0.063500,0.063500,0,0,0,0
CT,06503,"CONNECTICUT STATE",0.063500,0.063500,0,0,0,0
CT,06504,"CONNECTICUT STATE",0.063500,0.063500,0,0,0,0
CT,06505,"CONNECTICUT STATE",0.063500,0.063500,0,0,0,0
CT,06506,"CONNECTICUT STATE",0.063500,0.063500,0,0,0,0
CT,06507,"CONNECTICUT STATE",0.063500,0.063500,0,0,0,0
CT,06508,"CONNECTICUT STATE",0.063500,0.063500,0,0,0,0
CT,06509,"CONNECTICUT STATE",0.063500,0.063500,0,0,0,0
CT,06510,"CONNECTICUT STATE",0.063500,0.063500,0,0,0,0
CT,06511,"CONNECTICUT STATE",0.063500,0.063500,0,0,0,0
CT,06512,"CONNECTICUT STATE",0.063500,0.063500,0,0,0,0
CT,06513,"CONNECTICUT STATE",0.063500,0.063500,0,0,0,0
CT,06514,"CONNECTICUT STATE",0.063500,0.063500,0,0,0,0
CT,06515,"CONNECTICUT STATE",0.063500,0.063500,0,0,0,0
CT,06516,"CONNECTICUT STATE",0.063500,0.063500,0,0,0,0
CT,06517,"CONNECTICUT STATE",0.063500,0.063500,0,0,0,0
CT,06518,"CONNECTICUT STATE",0.063500,0.063500,0,0,0,0
CT,06519,"CONNECTICUT STATE",0.063500,0.063500,0,0,0,0
CT,06520,"CONNECTICUT STATE",0.063500,0.063500,0,0,0,0
CT,06521,"CONNECTICUT STATE",0.063500,0.063500,0,0,0,0
CT,06524,"CONNECTICUT STATE",0.063500,0.063500,0,0,0,0
CT,06525,"CONNECTICUT STATE",0.063500,0.063500,0,0,0,0
CT,06530,"CONNECTICUT STATE",0.063500,0.063500,0,0,0,0
CT,06531,"CONNECTICUT STATE",0.063500,0.063500,0,0,0,0
CT,06532,"CONNECTICUT STATE",0.063500,0.063500,0,0,0,0
CT,06533,"CONNECTICUT STATE",0.063500,0.063500,0,0,0,0
CT,06534,"CONNECTICUT STATE",0.063500,0.063500,0,0,0,0
CT,06535,"CONNECTICUT STATE",0.063500,0.063500,0,0,0,0
CT,06536,"CONNECTICUT STATE",0.063500,0.063500,0,0,0,0
CT,06537,"CONNECTICUT STATE",0.063500,0.063500,0,0,0,0
CT,06538,"CONNECTICUT STATE",0.063500,0.063500,0,0,0,0
CT,06540,"CONNECTICUT STATE",0.063500,0.063500,0,0,0,0
CT,06601,CONNECTICUT,0.063500,0.063500,0,0.000000,0,0
CT,06602,CONNECTICUT,0.063500,0.063500,0,0.000000,0,0
CT,06604,CONNECTICUT,0.063500,0.063500,0,0.000000,0,0
CT,06605,CONNECTICUT,0.063500,0.063500,0,0.000000,0,0
CT,06606,CONNECTICUT,0.063500,0.063500,0,0.000000,0,0
CT,06607,CONNECTICUT,0.063500,0.063500,0,0.000000,0,0
CT,06608,CONNECTICUT,0.063500,0.063500,0,0.000000,0,0
CT,06610,CONNECTICUT,0.063500,0.063500,0,0.000000,0,0
CT,06611,"CONNECTICUT STATE",0.063500,0.063500,0,0,0,0
CT,06612,"CONNECTICUT STATE",0.063500,0.063500,0,0,0,0
CT,06614,"CONNECTICUT STATE",0.063500,0.063500,0,0,0,0
CT,06615,"CONNECTICUT STATE",0.063500,0.063500,0,0,0,0
CT,06650,CONNECTICUT,0.063500,0.063500,0,0.000000,0,0
CT,06673,CONNECTICUT,0.063500,0.063500,0,0.000000,0,0
CT,06699,CONNECTICUT,0.063500,0.063500,0,0.000000,0,0
CT,06701,"CONNECTICUT STATE",0.063500,0.063500,0,0,0,0
CT,06702,"CONNECTICUT STATE",0.063500,0.063500,0,0,0,0
CT,06703,"CONNECTICUT STATE",0.063500,0.063500,0,0,0,0
CT,06704,"CONNECTICUT STATE",0.063500,0.063500,0,0,0,0
CT,06705,"CONNECTICUT STATE",0.063500,0.063500,0,0,0,0
CT,06706,"CONNECTICUT STATE",0.063500,0.063500,0,0,0,0
CT,06708,"CONNECTICUT STATE",0.063500,0.063500,0,0,0,0
CT,06710,"CONNECTICUT STATE",0.063500,0.063500,0,0,0,0
CT,06712,"CONNECTICUT STATE",0.063500,0.063500,0,0,0,0
CT,06716,"CONNECTICUT STATE",0.063500,0.063500,0,0,0,0
CT,06720,"CONNECTICUT STATE",0.063500,0.063500,0,0,0,0
CT,06721,"CONNECTICUT STATE",0.063500,0.063500,0,0,0,0
CT,06722,"CONNECTICUT STATE",0.063500,0.063500,0,0,0,0
CT,06723,"CONNECTICUT STATE",0.063500,0.063500,0,0,0,0
CT,06724,"CONNECTICUT STATE",0.063500,0.063500,0,0,0,0
CT,06749,"CONNECTICUT STATE",0.063500,0.063500,0,0,0,0
CT,06750,"CONNECTICUT STATE",0.063500,0.063500,0,0,0,0
CT,06751,"CONNECTICUT STATE",0.063500,0.063500,0,0,0,0
CT,06752,"CONNECTICUT STATE",0.063500,0.063500,0,0,0,0
CT,06753,"CONNECTICUT STATE",0.063500,0.063500,0,0,0,0
CT,06754,"CONNECTICUT STATE",0.063500,0.063500,0,0,0,0
CT,06755,"CONNECTICUT STATE",0.063500,0.063500,0,0,0,0
CT,06756,"CONNECTICUT STATE",0.063500,0.063500,0,0,0,0
CT,06757,"CONNECTICUT STATE",0.063500,0.063500,0,0,0,0
CT,06758,"CONNECTICUT STATE",0.063500,0.063500,0,0,0,0
CT,06759,"CONNECTICUT STATE",0.063500,0.063500,0,0,0,0
CT,06762,"CONNECTICUT STATE",0.063500,0.063500,0,0,0,0
CT,06763,"CONNECTICUT STATE",0.063500,0.063500,0,0,0,0
CT,06770,"CONNECTICUT STATE",0.063500,0.063500,0,0,0,0
CT,06776,"CONNECTICUT STATE",0.063500,0.063500,0,0,0,0
CT,06777,"CONNECTICUT STATE",0.063500,0.063500,0,0,0,0
CT,06778,"CONNECTICUT STATE",0.063500,0.063500,0,0,0,0
CT,06779,"CONNECTICUT STATE",0.063500,0.063500,0,0,0,0
CT,06781,"CONNECTICUT STATE",0.063500,0.063500,0,0,0,0
CT,06782,"CONNECTICUT STATE",0.063500,0.063500,0,0,0,0
CT,06783,"CONNECTICUT STATE",0.063500,0.063500,0,0,0,0
CT,06784,"CONNECTICUT STATE",0.063500,0.063500,0,0,0,0
CT,06785,"CONNECTICUT STATE",0.063500,0.063500,0,0,0,0
CT,06786,"CONNECTICUT STATE",0.063500,0.063500,0,0,0,0
CT,06787,"CONNECTICUT STATE",0.063500,0.063500,0,0,0,0
CT,06790,"CONNECTICUT STATE",0.063500,0.063500,0,0,0,0
CT,06791,"CONNECTICUT STATE",0.063500,0.063500,0,0,0,0
CT,06792,"CONNECTICUT STATE",0.063500,0.063500,0,0,0,0
CT,06793,"CONNECTICUT STATE",0.063500,0.063500,0,0,0,0
CT,06794,"CONNECTICUT STATE",0.063500,0.063500,0,0,0,0
CT,06795,"CONNECTICUT STATE",0.063500,0.063500,0,0,0,0
CT,06796,"CONNECTICUT STATE",0.063500,0.063500,0,0,0,0
CT,06798,"CONNECTICUT STATE",0.063500,0.063500,0,0,0,0
CT,06801,"CONNECTICUT STATE",0.063500,0.063500,0,0,0,0
CT,06804,"CONNECTICUT STATE",0.063500,0.063500,0,0,0,0
CT,06807,"CONNECTICUT STATE",0.063500,0.063500,0,0,0,0
CT,06810,"CONNECTICUT STATE",0.063500,0.063500,0,0,0,0
CT,06811,"CONNECTICUT STATE",0.063500,0.063500,0,0,0,0
CT,06812,"CONNECTICUT STATE",0.063500,0.063500,0,0,0,0
CT,06813,"CONNECTICUT STATE",0.063500,0.063500,0,0,0,0
CT,06816,"CONNECTICUT STATE",0.063500,0.063500,0,0,0,0
CT,06820,"CONNECTICUT STATE",0.063500,0.063500,0,0,0,0
CT,06824,"CONNECTICUT STATE",0.063500,0.063500,0,0,0,0
CT,06825,"CONNECTICUT STATE",0.063500,0.063500,0,0,0,0
CT,06828,"CONNECTICUT STATE",0.063500,0.063500,0,0,0,0
CT,06829,"CONNECTICUT STATE",0.063500,0.063500,0,0,0,0
CT,06830,"CONNECTICUT STATE",0.063500,0.063500,0,0,0,0
CT,06831,"CONNECTICUT STATE",0.063500,0.063500,0,0,0,0
CT,06836,"CONNECTICUT STATE",0.063500,0.063500,0,0,0,0
CT,06838,"CONNECTICUT STATE",0.063500,0.063500,0,0,0,0
CT,06840,"CONNECTICUT STATE",0.063500,0.063500,0,0,0,0
CT,06850,"CONNECTICUT STATE",0.063500,0.063500,0,0,0,0
CT,06851,"CONNECTICUT STATE",0.063500,0.063500,0,0,0,0
CT,06852,"CONNECTICUT STATE",0.063500,0.063500,0,0,0,0
CT,06853,"CONNECTICUT STATE",0.063500,0.063500,0,0,0,0
CT,06854,"CONNECTICUT STATE",0.063500,0.063500,0,0,0,0
CT,06855,"CONNECTICUT STATE",0.063500,0.063500,0,0,0,0
CT,06856,"CONNECTICUT STATE",0.063500,0.063500,0,0,0,0
CT,06857,"CONNECTICUT STATE",0.063500,0.063500,0,0,0,0
CT,06858,"CONNECTICUT STATE",0.063500,0.063500,0,0,0,0
CT,06870,"CONNECTICUT STATE",0.063500,0.063500,0,0,0,0
CT,06875,"CONNECTICUT STATE",0.063500,0.063500,0,0,0,0
CT,06876,"CONNECTICUT STATE",0.063500,0.063500,0,0,0,0
CT,06877,"CONNECTICUT STATE",0.063500,0.063500,0,0,0,0
CT,06878,"CONNECTICUT STATE",0.063500,0.063500,0,0,0,0
CT,06880,"CONNECTICUT STATE",0.063500,0.063500,0,0,0,0
CT,06881,"CONNECTICUT STATE",0.063500,0.063500,0,0,0,0
CT,06883,"CONNECTICUT STATE",0.063500,0.063500,0,0,0,0
CT,06888,"CONNECTICUT STATE",0.063500,0.063500,0,0,0,0
CT,06889,"CONNECTICUT STATE",0.063500,0.063500,0,0,0,0
CT,06890,"CONNECTICUT STATE",0.063500,0.063500,0,0,0,0
CT,06896,"CONNECTICUT STATE",0.063500,0.063500,0,0,0,0
CT,06897,"CONNECTICUT STATE",0.063500,0.063500,0,0,0,0
CT,06901,"CONNECTICUT STATE",0.063500,0.063500,0,0,0,0
CT,06902,"CONNECTICUT STATE",0.063500,0.063500,0,0,0,0
CT,06903,"CONNECTICUT STATE",0.063500,0.063500,0,0,0,0
CT,06904,"CONNECTICUT STATE",0.063500,0.063500,0,0,0,0
CT,06905,"CONNECTICUT STATE",0.063500,0.063500,0,0,0,0
CT,06906,"CONNECTICUT STATE",0.063500,0.063500,0,0,0,0
CT,06907,"CONNECTICUT STATE",0.063500,0.063500,0,0,0,0
CT,06910,"CONNECTICUT STATE",0.063500,0.063500,0,0,0,0
CT,06911,"CONNECTICUT STATE",0.063500,0.063500,0,0,0,0
CT,06912,"CONNECTICUT STATE",0.063500,0.063500,0,0,0,0
CT,06913,"CONNECTICUT STATE",0.063500,0.063500,0,0,0,0
CT,06914,"CONNECTICUT STATE",0.063500,0.063500,0,0,0,0
CT,06925,"CONNECTICUT STATE",0.063500,0.063500,0,0,0,0
CT,06926,"CONNECTICUT STATE",0.063500,0.063500,0,0,0,0
CT,06927,"CONNECTICUT STATE",0.063500,0.063500,0,0,0,0
