State,ZipCode,TaxRegionName,StateRate,EstimatedCombinedRate,EstimatedCountyRate,EstimatedCityRate,EstimatedSpecialRate,RiskLevel
SD,57001,ALCESTER,0.045000,0.065000,0,0.020000,0,3
SD,57002,AURORA,0.045000,0.055000,0,0.010000,0,1
SD,57003,MINNEHAHA,0.045000,0.045000,0.000000,0,0,1
SD,57004,BERESFORD,0.045000,0.065000,0,0.020000,0,3
SD,57005,BRANDON,0.045000,0.065000,0.000000,0.020000,0.000000,3
SD,57006,"BROOKINGS BUSINESS IMPROVEMENT DISTRICT NO. 1",0.045000,0.065000,0.000000,0.020000,0.000000,2
SD,57007,"BROOKINGS BUSINESS IMPROVEMENT DISTRICT NO. 1",0.045000,0.065000,0.000000,0.020000,0.000000,1
SD,57010,CLAY,0.045000,0.045000,0.000000,0,0,1
SD,57012,MCCOOK,0.045000,0.045000,0.000000,0,0,2
SD,57013,CANTON,0.045000,0.065000,0,0.020000,0,1
SD,57014,CENTERVILLE,0.045000,0.065000,0,0.020000,0,2
SD,57015,TURNER,0.045000,0.045000,0.000000,0,0,1
SD,57016,LAKE,0.045000,0.045000,0.000000,0,0,3
SD,57017,MOODY,0.045000,0.045000,0.000000,0,0,1
SD,57018,COLTON,0.045000,0.065000,0,0.020000,0,2
SD,57020,CROOKS,0.045000,0.065000,0,0.020000,0,2
SD,57021,TURNER,0.045000,0.045000,0.000000,0,0,1
SD,57022,"DELL RAPIDS",0.045000,0.065000,0,0.020000,0,1
SD,57024,EGAN,0.045000,0.065000,0,0.020000,0,1
SD,57025,"ELK POINT",0.045000,0.065000,0,0.020000,0,4
SD,57026,ELKTON,0.045000,0.065000,0,0.020000,0,2
SD,57027,FAIRVIEW,0.045000,0.065000,0,0.020000,0,1
SD,57028,FLANDREAU,0.045000,0.065000,0,0.020000,0,1
SD,57029,FREEMAN,0.045000,0.065000,0,0.020000,0,1
SD,57030,MINNEHAHA,0.045000,0.045000,0.000000,0,0,3
SD,57031,YANKTON,0.045000,0.045000,0.000000,0,0,1
SD,57032,HARRISBURG,0.045000,0.065000,0,0.020000,0,2
SD,57033,HARTFORD,0.045000,0.065000,0,0.020000,0,2
SD,57034,LINCOLN,0.045000,0.045000,0.000000,0,0,3
SD,57035,HUMBOLDT,0.045000,0.065000,0,0.020000,0,2
SD,57036,TURNER,0.045000,0.045000,0.000000,0,0,3
SD,57037,YANKTON,0.045000,0.045000,0.000000,0,0,2
SD,57038,UNION,0.045000,0.045000,0.000000,0,0,1
SD,57039,LENNOX,0.045000,0.065000,0,0.020000,0,2
SD,57040,YANKTON,0.045000,0.045000,0.000000,0,0,1
SD,57041,MINNEHAHA,0.045000,0.045000,0.000000,0,0,1
SD,57042,MADISON,0.045000,0.065000,0,0.020000,0,4
SD,57043,TURNER,0.045000,0.045000,0.000000,0,0,1
SD,57045,MENNO,0.045000,0.065000,0,0.020000,0,1
SD,57046,YANKTON,0.045000,0.045000,0.000000,0,0,1
SD,57047,MONROE,0.045000,0.065000,0,0.020000,0,1
SD,57048,MCCOOK,0.045000,0.045000,0.000000,0,0,2
SD,57049,"NORTH SIOUX CITY",0.045000,0.065000,0,0.020000,0,3
SD,57050,LAKE,0.045000,0.045000,0.000000,0,0,1
SD,57051,KINGSBURY,0.045000,0.045000,0.000000,0,0,1
SD,57052,HUTCHINSON,0.045000,0.045000,0.000000,0,0,2
SD,57053,TURNER,0.045000,0.045000,0.000000,0,0,1
SD,57054,LAKE,0.045000,0.045000,0.000000,0,0,1
SD,57055,MINNEHAHA,0.045000,0.045000,0.000000,0,0,2
SD,57057,LAKE,0.045000,0.045000,0.000000,0,0,1
SD,57058,SALEM,0.045000,0.065000,0,0.020000,0,2
SD,57059,SCOTLAND,0.045000,0.065000,0,0.020000,0,1
SD,57061,SINAI,0.045000,0.045000,0.000000,0.000000,0,2
SD,57062,SPRINGFIELD,0.045000,0.065000,0,0.020000,0,1
SD,57063,"BON HOMME",0.045000,0.045000,0.000000,0,0,1
SD,57064,TEA,0.045000,0.065000,0,0.020000,0,1
SD,57065,MOODY,0.045000,0.045000,0.000000,0,0,1
SD,57066,TYNDALL,0.045000,0.065000,0,0.020000,0,1
SD,57067,YANKTON,0.045000,0.045000,0.000000,0,0,2
SD,57068,"VALLEY SPRINGS",0.045000,0.065000,0,0.020000,0,2
SD,57069,VERMILLION,0.045000,0.065000,0.000000,0.020000,0.000000,5
SD,57070,TURNER,0.045000,0.045000,0.000000,0,0,5
SD,57071,VOLGA,0.045000,0.065000,0,0.020000,0,1
SD,57072,YANKTON,0.045000,0.045000,0.000000,0,0,1
SD,57073,CLAY,0.045000,0.045000,0.000000,0,0,1
SD,57075,LAKE,0.045000,0.045000,0.000000,0,0,3
SD,57076,MINER,0.045000,0.045000,0.000000,0,0,1
SD,57077,WORTHING,0.045000,0.065000,0,0.020000,0,1
SD,57078,YANKTON,0.045000,0.065000,0.000000,0.020000,0.000000,1
SD,57101,"SIOUX FALLS CONVENTION AND VISITORS BUREAU BUSINESS IMPROVEMENT DISTRICT",0.045000,0.065000,0.000000,0.020000,0.000000,2
SD,57103,"SIOUX FALLS CONVENTION AND VISITORS BUREAU BUSINESS IMPROVEMENT DISTRICT",0.045000,0.065000,0.000000,0.020000,0.000000,2
SD,57104,"SIOUX FALLS CONVENTION AND VISITORS BUREAU BUSINESS IMPROVEMENT DISTRICT",0.045000,0.065000,0.000000,0.020000,0.000000,2
SD,57105,"SIOUX FALLS CONVENTION AND VISITORS BUREAU BUSINESS IMPROVEMENT DISTRICT",0.045000,0.065000,0.000000,0.020000,0.000000,2
SD,57106,"SIOUX FALLS CONVENTION AND VISITORS BUREAU BUSINESS IMPROVEMENT DISTRICT",0.045000,0.065000,0.000000,0.020000,0.000000,3
SD,57107,"SIOUX FALLS CONVENTION AND VISITORS BUREAU BUSINESS IMPROVEMENT DISTRICT",0.045000,0.065000,0.000000,0.020000,0.000000,4
SD,57108,"SIOUX FALLS CONVENTION AND VISITORS BUREAU BUSINESS IMPROVEMENT DISTRICT",0.045000,0.065000,0.000000,0.020000,0.000000,2
SD,57109,"SIOUX FALLS CONVENTION AND VISITORS BUREAU BUSINESS IMPROVEMENT DISTRICT",0.045000,0.065000,0.000000,0.020000,0.000000,2
SD,57110,"SIOUX FALLS CONVENTION AND VISITORS BUREAU BUSINESS IMPROVEMENT DISTRICT",0.045000,0.065000,0.000000,0.020000,0.000000,2
SD,57118,"SIOUX FALLS CONVENTION AND VISITORS BUREAU BUSINESS IMPROVEMENT DISTRICT",0.045000,0.065000,0.000000,0.020000,0.000000,2
SD,57186,"SIOUX FALLS CONVENTION AND VISITORS BUREAU BUSINESS IMPROVEMENT DISTRICT",0.045000,0.065000,0.000000,0.020000,0.000000,1
SD,57193,"SIOUX FALLS CONVENTION AND VISITORS BUREAU BUSINESS IMPROVEMENT DISTRICT",0.045000,0.065000,0.000000,0.020000,0.000000,2
SD,57197,"SIOUX FALLS CONVENTION AND VISITORS BUREAU BUSINESS IMPROVEMENT DISTRICT",0.045000,0.065000,0.000000,0.020000,0.000000,2
SD,57198,"SIOUX FALLS CONVENTION AND VISITORS BUREAU BUSINESS IMPROVEMENT DISTRICT",0.045000,0.065000,0.000000,0.020000,0.000000,2
SD,57201,"WATERTOWN BUSINESS IMPROVEMENT DISTRICT",0.045000,0.065000,0.000000,0.020000,0.000000,8
SD,57212,ARLINGTON,0.045000,0.065000,0,0.020000,0,3
SD,57213,DEUEL,0.045000,0.045000,0.000000,0,0,1
SD,57214,BADGER,0.045000,0.045000,0.000000,0.000000,0,1
SD,57216,"BIG STONE CITY",0.045000,0.065000,0,0.020000,0,2
SD,57217,CLARK,0.045000,0.045000,0.000000,0,0,2
SD,57218,DEUEL,0.045000,0.045000,0.000000,0,0,1
SD,57219,DAY,0.045000,0.045000,0.000000,0,0,2
SD,57220,BROOKINGS,0.045000,0.045000,0.000000,0,0,2
SD,57221,BRYANT,0.045000,0.065000,0,0.020000,0,1
SD,57223,HAMLIN,0.045000,0.045000,0.000000,0,0,1
SD,57224,ROBERTS,0.045000,0.045000,0.000000,0,0,1
SD,57225,CLARK,0.045000,0.065000,0,0.020000,0,1
SD,57226,"CLEAR LAKE",0.045000,0.065000,0,0.020000,0,3
SD,57227,ROBERTS,0.045000,0.045000,0.000000,0,0,1
SD,57231,"DE SMET",0.045000,0.065000,0,0.020000,0,1
SD,57232,MARSHALL,0.045000,0.045000,0.000000,0,0,1
SD,57233,KINGSBURY,0.045000,0.045000,0.000000,0,0,2
SD,57234,ESTELLINE,0.045000,0.065000,0,0.020000,0,2
SD,57235,CODINGTON,0.045000,0.045000,0.000000,0,0,1
SD,57236,CLARK,0.045000,0.045000,0.000000,0,0,1
SD,57237,DEUEL,0.045000,0.045000,0.000000,0,0,1
SD,57238,DEUEL,0.045000,0.045000,0.000000,0,0,2
SD,57239,DAY,0.045000,0.045000,0.000000,0,0,1
SD,57241,HAMLIN,0.045000,0.045000,0.000000,0,0,2
SD,57242,HAMLIN,0.045000,0.045000,0.000000,0,0,1
SD,57243,CODINGTON,0.045000,0.045000,0.000000,0,0,1
SD,57245,KRANZBURG,0.045000,0.065000,0,0.020000,0,1
SD,57246,GRANT,0.045000,0.045000,0.000000,0,0,1
SD,57247,MARSHALL,0.045000,0.045000,0.000000,0,0,2
SD,57248,HAMLIN,0.045000,0.045000,0.000000,0,0,2
SD,57249,"LAKE PRESTON",0.045000,0.065000,0,0.020000,0,1
SD,57251,GRANT,0.045000,0.045000,0.000000,0,0,1
SD,57252,MILBANK,0.045000,0.065000,0,0.020000,0,1
SD,57255,ROBERTS,0.045000,0.045000,0.000000,0,0,1
SD,57256,GRANT,0.045000,0.045000,0.000000,0,0,1
SD,57257,ROBERTS,0.045000,0.045000,0.000000,0,0,1
SD,57258,CLARK,0.045000,0.045000,0.000000,0,0,2
SD,57259,REVILLO,0.045000,0.055000,0,0.010000,0,2
SD,57260,ROBERTS,0.045000,0.045000,0.000000,0,0,1
SD,57261,DAY,0.045000,0.045000,0.000000,0,0,1
SD,57262,SISSETON,0.045000,0.065000,0,0.020000,0,1
SD,57263,CODINGTON,0.045000,0.045000,0.000000,0,0,1
SD,57264,GRANT,0.045000,0.045000,0.000000,0,0,1
SD,57265,GRANT,0.045000,0.045000,0.000000,0,0,2
SD,57266,GRANT,0.045000,0.045000,0.000000,0,0,1
SD,57268,BROOKINGS,0.045000,0.045000,0.000000,0,0,2
SD,57269,GRANT,0.045000,0.045000,0.000000,0,0,1
SD,57270,MARSHALL,0.045000,0.045000,0.000000,0,0,2
SD,57271,VIENNA,0.045000,0.045000,0.000000,0.000000,0,2
SD,57272,CODINGTON,0.045000,0.045000,0.000000,0,0,1
SD,57273,DAY,0.045000,0.045000,0.000000,0,0,2
SD,57274,WEBSTER,0.045000,0.065000,0,0.020000,0,3
SD,57276,BROOKINGS,0.045000,0.045000,0.000000,0,0,3
SD,57278,CLARK,0.045000,0.045000,0.000000,0,0,1
SD,57279,ROBERTS,0.045000,0.045000,0.000000,0,0,1
SD,57301,MITCHELL,0.045000,0.065000,0.000000,0.020000,0.000000,4
SD,57311,HANSON,0.045000,0.045000,0.000000,0,0,1
SD,57312,BEADLE,0.045000,0.045000,0.000000,0,0,1
SD,57313,ARMOUR,0.045000,0.065000,0,0.020000,0,1
SD,57314,SANBORN,0.045000,0.045000,0.000000,0,0,2
SD,57315,"BON HOMME",0.045000,0.045000,0.000000,0,0,1
SD,57317,GREGORY,0.045000,0.045000,0.000000,0,0,1
SD,57319,BRIDGEWATER,0.045000,0.065000,0,0.020000,0,3
SD,57321,MINER,0.045000,0.045000,0.000000,0,0,2
SD,57322,BEADLE,0.045000,0.045000,0.000000,0,0,2
SD,57323,CARTHAGE,0.045000,0.065000,0,0.020000,0,1
SD,57324,BEADLE,0.045000,0.045000,0.000000,0,0,1
SD,57325,"CHAMBERLAIN BUSINESS IMPROVEMENT DISTRICT NO. 1",0.045000,0.065000,0.000000,0.020000,0.000000,3
SD,57328,DOUGLAS,0.045000,0.045000,0.000000,0,0,1
SD,57329,"CHARLES MIX",0.045000,0.045000,0.000000,0,0,1
SD,57330,DOUGLAS,0.045000,0.045000,0.000000,0,0,1
SD,57331,HUTCHINSON,0.045000,0.045000,0.000000,0,0,1
SD,57332,EMERY,0.045000,0.065000,0,0.020000,0,1
SD,57334,DAVISON,0.045000,0.045000,0.000000,0,0,1
SD,57335,GREGORY,0.045000,0.045000,0.000000,0,0,1
SD,57337,MINER,0.045000,0.045000,0.000000,0,0,1
SD,57339,"BUFFALO CO CROW CREEK",0.000000,0.045000,0.000000,0,0.045000,2
SD,57340,HANSON,0.045000,0.045000,0.000000,0,0,1
SD,57341,BUFFALO,0.045000,0.045000,0.000000,0,0,2
SD,57342,"CHARLES MIX",0.045000,0.045000,0.000000,0,0,2
SD,57344,DOUGLAS,0.045000,0.045000,0.000000,0,0,1
SD,57345,HYDE,0.045000,0.045000,0.000000,0,0,3
SD,57346,"HYDE CO CROW CREEK",0.000000,0.045000,0.000000,0,0.045000,1
SD,57348,BEADLE,0.045000,0.045000,0.000000,0,0,2
SD,57349,HOWARD,0.045000,0.065000,0,0.020000,0,4
SD,57350,"HURON BUSINESS IMPROVEMENT DISTRICT NO. 1",0.045000,0.065000,0.000000,0.020000,0.000000,5
SD,57353,KINGSBURY,0.045000,0.045000,0.000000,0,0,4
SD,57354,HUTCHINSON,0.045000,0.045000,0.000000,0,0,1
SD,57355,KIMBALL,0.045000,0.065000,0,0.020000,0,2
SD,57356,"CHARLES MIX",0.045000,0.045000,0.000000,0,0,2
SD,57359,SANBORN,0.045000,0.045000,0.000000,0,0,2
SD,57362,MILLER,0.045000,0.065000,0,0.020000,0,1
SD,57363,DAVISON,0.045000,0.045000,0.000000,0,0,1
SD,57364,DOUGLAS,0.045000,0.045000,0.000000,0,0,2
SD,57365,OACOMA,0.045000,0.065000,0,0.020000,0,1
SD,57366,PARKSTON,0.045000,0.065000,0,0.020000,0,3
SD,57367,PICKSTOWN,0.045000,0.065000,0,0.020000,0,1
SD,57368,PLANKINTON,0.045000,0.065000,0,0.020000,0,1
SD,57369,"CHARLES MIX",0.045000,0.045000,0.000000,0,0,2
SD,57370,BRULE,0.045000,0.045000,0.000000,0,0,2
SD,57371,HAND,0.045000,0.045000,0.000000,0,0,1
SD,57373,HAND,0.045000,0.045000,0.000000,0,0,1
SD,57374,MCCOOK,0.045000,0.045000,0.000000,0,0,1
SD,57375,AURORA,0.045000,0.045000,0.000000,0,0,1
SD,57376,HUTCHINSON,0.045000,0.045000,0.000000,0,0,1
SD,57379,BEADLE,0.045000,0.045000,0.000000,0,0,1
SD,57380,"CHARLES MIX",0.045000,0.045000,0.000000,0,0,2
SD,57381,HAND,0.045000,0.045000,0.000000,0,0,3
SD,57382,"WESSINGTON SPRINGS",0.045000,0.065000,0,0.020000,0,1
SD,57383,AURORA,0.045000,0.045000,0.000000,0,0,1
SD,57384,BEADLE,0.045000,0.045000,0.000000,0,0,1
SD,57385,WOONSOCKET,0.045000,0.065000,0,0.020000,0,1
SD,57386,YALE,0.045000,0.055000,0,0.010000,0,1
SD,57399,"HURON BUSINESS IMPROVEMENT DISTRICT NO. 1",0.045000,0.065000,0.000000,0.020000,0.000000,1
SD,57401,ABERDEEN,0.045000,0.065000,0,0.020000,0,3
SD,57402,ABERDEEN,0.045000,0.065000,0,0.020000,0,1
SD,57421,MARSHALL,0.045000,0.045000,0.000000,0,0,1
SD,57422,DAY,0.045000,0.045000,0.000000,0,0,1
SD,57424,SPINK,0.045000,0.045000,0.000000,0,0,2
SD,57426,BROWN,0.045000,0.045000,0.000000,0,0,2
SD,57427,BROWN,0.045000,0.045000,0.000000,0,0,1
SD,57428,EDMUNDS,0.045000,0.045000,0.000000,0,0,1
SD,57429,BRENTFORD,0.045000,0.045000,0.000000,0.000000,0,1
SD,57430,BRITTON,0.045000,0.065000,0,0.020000,0,5
SD,57432,BROWN,0.045000,0.045000,0.000000,0,0,2
SD,57433,BROWN,0.045000,0.045000,0.000000,0,0,3
SD,57434,CONDE,0.045000,0.065000,0,0.020000,0,3
SD,57435,CRESBARD,0.045000,0.045000,0.000000,0.000000,0,1
SD,57436,SPINK,0.045000,0.045000,0.000000,0,0,1
SD,57437,EUREKA,0.045000,0.065000,0,0.020000,0,5
SD,57438,FAULKTON,0.045000,0.065000,0,0.020000,0,5
SD,57439,BROWN,0.045000,0.045000,0.000000,0,0,1
SD,57440,SPINK,0.045000,0.045000,0.000000,0,0,2
SD,57441,BROWN,0.045000,0.045000,0.000000,0,0,2
SD,57442,GETTYSBURG,0.045000,0.065000,0,0.020000,0,3
SD,57445,GROTON,0.045000,0.065000,0,0.020000,0,3
SD,57446,HECLA,0.045000,0.055000,0,0.010000,0,1
SD,57448,HOSMER,0.045000,0.065000,0,0.020000,0,1
SD,57449,BROWN,0.045000,0.045000,0.000000,0,0,1
SD,57450,HOVEN,0.045000,0.065000,0,0.020000,0,1
SD,57451,EDMUNDS,0.045000,0.045000,0.000000,0,0,1
SD,57452,WALWORTH,0.045000,0.045000,0.000000,0,0,1
SD,57454,LANGFORD,0.045000,0.065000,0,0.020000,0,1
SD,57455,LEBANON,0.045000,0.045000,0.000000,0.000000,0,1
SD,57456,MCPHERSON,0.045000,0.045000,0.000000,0,0,1
SD,57457,MCPHERSON,0.045000,0.045000,0.000000,0,0,1
SD,57460,BROWN,0.045000,0.045000,0.000000,0,0,1
SD,57461,SPINK,0.045000,0.045000,0.000000,0,0,1
SD,57465,SPINK,0.045000,0.045000,0.000000,0,0,2
SD,57466,FAULK,0.045000,0.045000,0.000000,0,0,1
SD,57467,HAND,0.045000,0.045000,0.000000,0,0,1
SD,57468,DAY,0.045000,0.045000,0.000000,0,0,1
SD,57469,REDFIELD,0.045000,0.065000,0,0.020000,0,2
SD,57470,HAND,0.045000,0.045000,0.000000,0,0,1
SD,57471,EDMUNDS,0.045000,0.045000,0.000000,0,0,1
SD,57472,WALWORTH,0.045000,0.045000,0.000000,0,0,3
SD,57473,FAULK,0.045000,0.045000,0.000000,0,0,1
SD,57474,STRATFORD,0.045000,0.065000,0,0.020000,0,2
SD,57475,POTTER,0.045000,0.045000,0.000000,0,0,1
SD,57476,SPINK,0.045000,0.045000,0.000000,0,0,2
SD,57477,SPINK,0.045000,0.045000,0.000000,0,0,1
SD,57479,WARNER,0.045000,0.065000,0,0.020000,0,1
SD,57481,BROWN,0.045000,0.045000,0.000000,0,0,2
SD,57501,PIERRE,0.045000,0.065000,0.000000,0.020000,0.000000,10
SD,57520,SULLY,0.045000,0.045000,0.000000,0,0,1
SD,57521,BELVIDERE,0.045000,0.065000,0,0.020000,0,1
SD,57522,BLUNT,0.045000,0.055000,0,0.010000,0,2
SD,57523,BURKE,0.045000,0.065000,0,0.020000,0,2
SD,57528,TRIPP,0.045000,0.045000,0.000000,0,0,1
SD,57529,TRIPP,0.045000,0.045000,0.000000,0,0,3
SD,57531,JONES,0.045000,0.045000,0.000000,0,0,1
SD,57532,"FORT PIERRE",0.045000,0.065000,0.000000,0.020000,0.000000,1
SD,57533,GREGORY,0.045000,0.065000,0,0.020000,0,4
SD,57534,TRIPP,0.045000,0.045000,0.000000,0,0,1
SD,57536,HUGHES,0.045000,0.045000,0.000000,0,0,2
SD,57537,STANLEY,0.045000,0.045000,0.000000,0,0,1
SD,57538,HERRICK,0.045000,0.045000,0.000000,0.000000,0,1
SD,57540,HYDE,0.045000,0.045000,0.000000,0,0,1
SD,57541,TRIPP,0.045000,0.045000,0.000000,0,0,1
SD,57543,KADOKA,0.045000,0.065000,0,0.020000,0,1
SD,57544,KENNEBEC,0.045000,0.065000,0,0.020000,0,1
SD,57547,"JACKSON CO PINE RIDGE",0.000000,0.045000,0.000000,0,0.045000,1
SD,57548,"LOWER BRULE",0.045000,0.045000,0.000000,0.000000,0,1
SD,57551,BENNETT,0.045000,0.045000,0.000000,0,0,1
SD,57552,HAAKON,0.045000,0.045000,0.000000,0,0,1
SD,57553,HAAKON,0.045000,0.045000,0.000000,0,0,1
SD,57555,"TODD CO",0.000000,0.045000,0.000000,0,0.045000,4
SD,57559,MURDO,0.045000,0.065000,0,0.020000,0,3
SD,57560,MELLETTE,0.045000,0.045000,0.000000,0,0,1
SD,57562,JONES,0.045000,0.045000,0.000000,0,0,1
SD,57563,"TODD CO",0.000000,0.045000,0.000000,0,0.045000,1
SD,57564,ONIDA,0.045000,0.065000,0,0.020000,0,2
SD,57566,"TODD CO",0.000000,0.045000,0.000000,0,0.045000,1
SD,57567,HAAKON,0.045000,0.045000,0.000000,0,0,1
SD,57568,LYMAN,0.045000,0.045000,0.000000,0,0,1
SD,57569,LYMAN,0.045000,0.045000,0.000000,0,0,1
SD,57570,"TODD CO",0.000000,0.045000,0.000000,0,0.045000,1
SD,57571,GREGORY,0.045000,0.045000,0.000000,0,0,2
SD,57572,"SAINT FRANCIS",0.000000,0.045000,0.000000,0.000000,0.045000,2
SD,57574,BENNETT,0.045000,0.045000,0.000000,0,0,1
SD,57576,LYMAN,0.045000,0.045000,0.000000,0,0,1
SD,57577,"JACKSON CO PINE RIDGE",0.000000,0.045000,0.000000,0,0.045000,2
SD,57579,"WHITE RIVER",0.045000,0.065000,0,0.020000,0,1
SD,57580,WINNER,0.045000,0.065000,0,0.020000,0,8
SD,57584,TRIPP,0.045000,0.045000,0.000000,0,0,1
SD,57585,MELLETTE,0.045000,0.045000,0.000000,0,0,1
SD,57601,MOBRIDGE,0.045000,0.065000,0,0.020000,0,4
SD,57620,PERKINS,0.045000,0.045000,0.000000,0,0,6
SD,57621,"CORSON CO",0.000000,0.045000,0.000000,0,0.045000,1
SD,57622,"ZIEBACH CO",0.000000,0.045000,0.000000,0,0.045000,1
SD,57623,DUPREE,0.000000,0.055000,0.000000,0.010000,0.045000,1
SD,57625,"EAGLE BUTTE (DEWEY CO)",0.000000,0.065000,0.000000,0.020000,0.045000,1
SD,57626,MEADE,0.045000,0.045000,0.000000,0,0,7
SD,57630,"DEWEY CO",0.000000,0.045000,0.000000,0,0.045000,1
SD,57631,WALWORTH,0.045000,0.045000,0.000000,0,0,1
SD,57632,CAMPBELL,0.045000,0.045000,0.000000,0,0,1
SD,57633,ISABEL,0.000000,0.065000,0.000000,0.020000,0.045000,1
SD,57634,"CORSON CO",0.000000,0.045000,0.000000,0,0.045000,1
SD,57636,"DEWEY CO",0.000000,0.045000,0.000000,0,0.045000,1
SD,57638,LEMMON,0.045000,0.065000,0,0.020000,0,4
SD,57639,"CORSON CO",0.000000,0.045000,0.000000,0,0.045000,1
SD,57640,PERKINS,0.045000,0.045000,0.000000,0,0,1
SD,57641,"CORSON CO",0.000000,0.045000,0.000000,0,0.045000,1
SD,57642,MCLAUGHLIN,0.000000,0.065000,0.000000,0.020000,0.045000,1
SD,57644,PERKINS,0.045000,0.045000,0.000000,0,0,5
SD,57645,"CORSON CO",0.000000,0.045000,0.000000,0,0.045000,1
SD,57646,CAMPBELL,0.045000,0.045000,0.000000,0,0,2
SD,57648,CAMPBELL,0.045000,0.045000,0.000000,0,0,1
SD,57649,PERKINS,0.045000,0.045000,0.000000,0,0,5
SD,57650,HARDING,0.045000,0.045000,0.000000,0,0,1
SD,57651,HARDING,0.045000,0.045000,0.000000,0,0,1
SD,57652,"DEWEY CO",0.000000,0.045000,0.000000,0,0.045000,1
SD,57656,"TIMBER LAKE",0.000000,0.065000,0.000000,0.020000,0.045000,1
SD,57657,"CORSON CO",0.000000,0.045000,0.000000,0,0.045000,1
SD,57658,"CORSON CO",0.000000,0.045000,0.000000,0,0.045000,1
SD,57659,"CORSON CO",0.000000,0.045000,0.000000,0,0.045000,1
SD,57660,"CORSON CO",0.000000,0.045000,0.000000,0,0.045000,1
SD,57661,"DEWEY CO",0.000000,0.045000,0.000000,0,0.045000,1
SD,57701,"RAPID CITY BUSINESS IMPROVEMENT DISTRICT NO. 1",0.045000,0.065000,0.000000,0.020000,0.000000,4
SD,57702,"RAPID CITY BUSINESS IMPROVEMENT DISTRICT NO. 1",0.045000,0.065000,0.000000,0.020000,0.000000,5
SD,57703,PENNINGTON,0.045000,0.045000,0.000000,0,0,1
SD,57706,"BOX ELDER",0.045000,0.065000,0,0.020000,0,1
SD,57709,"RAPID CITY BUSINESS IMPROVEMENT DISTRICT NO. 1",0.045000,0.065000,0.000000,0.020000,0.000000,1
SD,57714,BENNETT,0.045000,0.045000,0.000000,0,0,1
SD,57716,"OGLALA LAKOTA CO",0.000000,0.045000,0.000000,0,0.045000,1
SD,57717,"BELLE FOURCHE",0.045000,0.065000,0,0.020000,0,4
SD,57718,MEADE,0.045000,0.045000,0.000000,0,0,2
SD,57719,"BOX ELDER",0.045000,0.065000,0,0.020000,0,1
SD,57720,HARDING,0.045000,0.045000,0.000000,0,0,1
SD,57722,"BUFFALO GAP",0.045000,0.045000,0.000000,0.000000,0,1
SD,57724,"CAMP CROOK",0.045000,0.055000,0,0.010000,0,1
SD,57725,PENNINGTON,0.045000,0.045000,0.000000,0,0,2
SD,57730,CUSTER,0.045000,0.065000,0.000000,0.020000,0.000000,7
SD,57732,"DEADWOOD BUSINESS IMPROVEMENT DISTRICT NO. 7",0.045000,0.065000,0.000000,0.020000,0.000000,3
SD,57735,EDGEMONT,0.045000,0.065000,0,0.020000,0,6
SD,57737,MEADE,0.045000,0.045000,0.000000,0,0,1
SD,57738,FAIRBURN,0.045000,0.045000,0.000000,0.000000,0,2
SD,57741,MEADE,0.045000,0.045000,0.000000,0,0,1
SD,57744,CUSTER,0.045000,0.045000,0.000000,0,0,4
SD,57745,PENNINGTON,0.045000,0.045000,0.000000,0,0,4
SD,57747,"HOT SPRINGS BUSINESS IMPROVEMENT DISTRICT NO. 1",0.045000,0.065000,0.000000,0.020000,0.000000,4
SD,57748,MEADE,0.045000,0.045000,0.000000,0,0,4
SD,57750,JACKSON,0.045000,0.045000,0.000000,0,0,3
SD,57751,KEYSTONE,0.045000,0.065000,0,0.020000,0,1
SD,57752,"OGLALA LAKOTA CO",0.000000,0.045000,0.000000,0,0.045000,1
SD,57754,LEAD,0.045000,0.065000,0,0.020000,0,2
SD,57755,HARDING,0.045000,0.045000,0.000000,0,0,1
SD,57756,"OGLALA LAKOTA CO",0.000000,0.045000,0.000000,0,0.045000,1
SD,57758,MEADE,0.045000,0.045000,0.000000,0,0,4
SD,57759,LAWRENCE,0.045000,0.045000,0.000000,0,0,1
SD,57760,BUTTE,0.045000,0.045000,0.000000,0,0,5
SD,57761,"NEW UNDERWOOD",0.045000,0.065000,0,0.020000,0,2
SD,57762,BUTTE,0.045000,0.045000,0.000000,0,0,2
SD,57763,OELRICHS,0.045000,0.045000,0.000000,0.000000,0,1
SD,57764,"OGLALA LAKOTA CO",0.000000,0.045000,0.000000,0,0.045000,1
SD,57766,"FALL RIVER",0.045000,0.045000,0.000000,0,0,1
SD,57767,PENNINGTON,0.045000,0.045000,0.000000,0,0,2
SD,57769,MEADE,0.045000,0.045000,0.000000,0,0,5
SD,57770,"OGLALA LAKOTA CO",0.000000,0.045000,0.000000,0,0.045000,1
SD,57772,"OGLALA LAKOTA CO",0.000000,0.045000,0.000000,0,0.045000,1
SD,57773,PRINGLE,0.045000,0.065000,0,0.020000,0,1
SD,57775,PENNINGTON,0.045000,0.045000,0.000000,0,0,3
SD,57776,HARDING,0.045000,0.045000,0.000000,0,0,1
SD,57779,LAWRENCE,0.045000,0.045000,0.000000,0,0,1
SD,57780,PENNINGTON,0.045000,0.045000,0.000000,0,0,3
SD,57782,"FALL RIVER",0.045000,0.045000,0.000000,0,0,1
SD,57783,SPEARFISH,0.045000,0.065000,0.000000,0.020000,0.000000,1
SD,57785,STURGIS,0.045000,0.065000,0,0.020000,0,7
SD,57787,MEADE,0.045000,0.045000,0.000000,0,0,4
SD,57788,MEADE,0.045000,0.045000,0.000000,0,0,1
SD,57790,PENNINGTON,0.045000,0.045000,0.000000,0,0,3
SD,57791,MEADE,0.045000,0.045000,0.000000,0,0,3
SD,57792,MEADE,0.045000,0.045000,0.000000,0,0,1
SD,57793,WHITEWOOD,0.045000,0.065000,0,0.020000,0,1
SD,57794,"OGLALA LAKOTA CO",0.000000,0.045000,0.000000,0,0.045000,1
SD,57799,SPEARFISH,0.045000,0.065000,0.000000,0.020000,0.000000,1
