State,ZipCode,TaxRegionName,StateRate,EstimatedCombinedRate,EstimatedCountyRate,EstimatedCityRate,EstimatedSpecialRate,RiskLevel
OR,97001,"CENTRAL DISTRICT SP",0.000000,0.000000,0.000000,0.000000,0.000000,0
OR,97002,"WILLAMETTE VALLEY DISTRICT SP",0.000000,0.000000,0.000000,0,0.000000,0
OR,97003,"PORTLAND METRO DISTRICT SP",0.000000,0.000000,0.000000,0.000000,0.000000,0
OR,97004,"WILLAMETTE VALLEY DISTRICT SP",0.000000,0.000000,0.000000,0,0.000000,0
OR,97005,"PORTLAND METRO DISTRICT SP",0.000000,0.000000,0.000000,0.000000,0.000000,0
OR,97006,"PORTLAND METRO DISTRICT SP",0.000000,0.000000,0.000000,0,0.000000,0
OR,97007,"PORTLAND METRO DISTRICT SP",0.000000,0.000000,0.000000,0.000000,0.000000,0
OR,97008,"PORTLAND METRO DISTRICT SP",0.000000,0.000000,0.000000,0.000000,0.000000,0
OR,97009,"PORTLAND METRO DISTRICT SP",0.000000,0.000000,0.000000,0,0.000000,0
OR,97010,"MT HOOD GORGE DISTRICT SP",0.000000,0.000000,0.000000,0,0.000000,0
OR,97011,"MT HOOD GORGE DISTRICT SP",0.000000,0.000000,0.000000,0,0.000000,0
OR,97013,"WILLAMETTE VALLEY DISTRICT SP",0.000000,0.000000,0.000000,0.000000,0.000000,0
OR,97014,"MT HOOD GORGE DISTRICT SP",0.000000,0.000000,0.000000,0.000000,0.000000,0
OR,97015,"PORTLAND METRO DISTRICT SP",0.000000,0.000000,0.000000,0,0.000000,0
OR,97016,"PORTLAND METRO DISTRICT SP",0.000000,0.000000,0.000000,0,0.000000,0
OR,97017,"WILLAMETTE VALLEY DISTRICT SP",0.000000,0.000000,0.000000,0,0.000000,0
OR,97018,"PORTLAND METRO DISTRICT SP",0.000000,0.000000,0.000000,0.000000,0.000000,0
OR,97019,"MT HOOD GORGE DISTRICT SP",0.000000,0.000000,0.000000,0,0.000000,0
OR,97020,"WILLAMETTE VALLEY DISTRICT SP",0.000000,0.000000,0.000000,0.000000,0.000000,0
OR,97021,"NORTH EASTERN DISTRICT SP",0.000000,0.000000,0.000000,0.000000,0.000000,0
OR,97022,"PORTLAND METRO DISTRICT SP",0.000000,0.000000,0.000000,0,0.000000,0
OR,97023,"MT HOOD GORGE DISTRICT SP",0.000000,0.000000,0.000000,0,0.000000,0
OR,97024,"PORTLAND METRO DISTRICT SP",0.000000,0.000000,0.000000,0.000000,0.000000,0
OR,97026,"WILLAMETTE VALLEY DISTRICT SP",0.000000,0.000000,0.000000,0,0.000000,0
OR,97027,"PORTLAND METRO DISTRICT SP",0.000000,0.000000,0.000000,0.000000,0.000000,0
OR,97028,"MT HOOD GORGE DISTRICT SP",0.000000,0.000000,0.000000,0,0.000000,0
OR,97029,"NORTH EASTERN DISTRICT SP",0.000000,0.000000,0.000000,0,0.000000,0
OR,97030,"PORTLAND METRO DISTRICT SP",0.000000,0.000000,0.000000,0.000000,0.000000,0
OR,97031,"MT HOOD GORGE DISTRICT SP",0.000000,0.000000,0.000000,0.000000,0.000000,0
OR,97032,"WILLAMETTE VALLEY DISTRICT SP",0.000000,0.000000,0.000000,0.000000,0.000000,0
OR,97033,"NORTH EASTERN DISTRICT SP",0.000000,0.000000,0.000000,0,0.000000,0
OR,97034,"PORTLAND METRO DISTRICT SP",0.000000,0.000000,0.000000,0.000000,0.000000,0
OR,97035,"PORTLAND METRO DISTRICT SP",0.000000,0.000000,0.000000,0.000000,0.000000,0
OR,97036,"PORTLAND METRO DISTRICT SP",0.000000,0.000000,0.000000,0.000000,0.000000,0
OR,97037,"CENTRAL DISTRICT SP",0.000000,0.000000,0.000000,0,0.000000,0
OR,97038,"WILLAMETTE VALLEY DISTRICT SP",0.000000,0.000000,0.000000,0,0.000000,0
OR,97039,"NORTH EASTERN DISTRICT SP",0.000000,0.000000,0.000000,0,0.000000,0
OR,97040,"MT HOOD GORGE DISTRICT SP",0.000000,0.000000,0.000000,0,0.000000,0
OR,97041,"MT HOOD GORGE DISTRICT SP",0.000000,0.000000,0.000000,0,0.000000,0
OR,97042,"WILLAMETTE VALLEY DISTRICT SP",0.000000,0.000000,0.000000,0,0.000000,0
OR,97044,"MT HOOD GORGE DISTRICT SP",0.000000,0.000000,0.000000,0,0.000000,0
OR,97045,"PORTLAND METRO DISTRICT SP",0.000000,0.000000,0.000000,0.000000,0.000000,0
OR,97048,"PORTLAND METRO DISTRICT SP",0.000000,0.000000,0.000000,0,0.000000,0
OR,97049,"MT HOOD GORGE DISTRICT SP",0.000000,0.000000,0.000000,0,0.000000,0
OR,97050,"NORTH EASTERN DISTRICT SP",0.000000,0.000000,0.000000,0,0.000000,0
OR,97051,"PORTLAND METRO DISTRICT SP",0.000000,0.000000,0.000000,0.000000,0.000000,0
OR,97053,"PORTLAND METRO DISTRICT SP",0.000000,0.000000,0.000000,0,0.000000,0
OR,97054,"PORTLAND METRO DISTRICT SP",0.000000,0.000000,0.000000,0,0.000000,0
OR,97055,"MT HOOD GORGE DISTRICT SP",0.000000,0.000000,0.000000,0,0.000000,0
OR,97056,"PORTLAND METRO DISTRICT SP",0.000000,0.000000,0.000000,0.000000,0.000000,0
OR,97057,"CENTRAL DISTRICT SP",0.000000,0.000000,0.000000,0.000000,0.000000,0
OR,97058,"MT HOOD GORGE DISTRICT SP",0.000000,0.000000,0.000000,0.000000,0.000000,0
OR,97060,"MT HOOD GORGE DISTRICT SP",0.000000,0.000000,0.000000,0.000000,0.000000,0
OR,97062,TUALATIN,0.000000,0.000000,0.000000,0.000000,0.000000,0
OR,97063,"NORTH EASTERN DISTRICT SP",0.000000,0.000000,0.000000,0,0.000000,0
OR,97064,"PORTLAND METRO DISTRICT SP",0.000000,0.000000,0.000000,0.000000,0.000000,0
OR,97065,"NORTH EASTERN DISTRICT SP",0.000000,0.000000,0.000000,0,0.000000,0
OR,97067,"MT HOOD GORGE DISTRICT SP",0.000000,0.000000,0.000000,0,0.000000,0
OR,97068,"PORTLAND METRO DISTRICT SP",0.000000,0.000000,0.000000,0.000000,0.000000,0
OR,97070,"WILLAMETTE VALLEY DISTRICT SP",0.000000,0.000000,0.000000,0.000000,0.000000,0
OR,97071,"WILLAMETTE VALLEY DISTRICT SP",0.000000,0.000000,0.000000,0.000000,0.000000,0
OR,97075,"PORTLAND METRO DISTRICT SP",0.000000,0.000000,0.000000,0.000000,0.000000,0
OR,97078,"PORTLAND METRO DISTRICT SP",0.000000,0.000000,0.000000,0.000000,0.000000,0
OR,97079,"PORTLAND METRO DISTRICT SP",0.000000,0.000000,0.000000,0.000000,0.000000,0
OR,97080,"PORTLAND METRO DISTRICT SP",0.000000,0.000000,0.000000,0.000000,0.000000,0
OR,97086,"PORTLAND METRO DISTRICT SP",0.000000,0.000000,0.000000,0.000000,0.000000,0
OR,97089,"PORTLAND METRO DISTRICT SP",0.000000,0.000000,0.000000,0,0.000000,0
OR,97101,"WILLAMETTE VALLEY DISTRICT SP",0.000000,0.000000,0.000000,0,0.000000,0
OR,97102,"NORTH COAST DISTRICT SP",0.000000,0.000000,0.000000,0.000000,0.000000,0
OR,97103,"NORTH COAST DISTRICT SP",0.000000,0.000000,0.000000,0.000000,0.000000,0
OR,97106,"PORTLAND METRO DISTRICT SP",0.000000,0.000000,0.000000,0,0.000000,0
OR,97107,"NORTH COAST DISTRICT SP",0.000000,0.000000,0.000000,0.000000,0.000000,0
OR,97108,"NORTH COAST DISTRICT SP",0.000000,0.000000,0.000000,0,0.000000,0
OR,97109,"PORTLAND METRO DISTRICT SP",0.000000,0.000000,0.000000,0,0.000000,0
OR,97110,"NORTH COAST DISTRICT SP",0.000000,0.000000,0.000000,0.000000,0.000000,0
OR,97111,"WILLAMETTE VALLEY DISTRICT SP",0.000000,0.000000,0.000000,0.000000,0.000000,0
OR,97112,"NORTH COAST DISTRICT SP",0.000000,0.000000,0.000000,0,0.000000,0
OR,97113,"PORTLAND METRO DISTRICT SP",0.000000,0.000000,0.000000,0.000000,0.000000,0
OR,97114,"WILLAMETTE VALLEY DISTRICT SP",0.000000,0.000000,0.000000,0,0.000000,0
OR,97115,"WILLAMETTE VALLEY DISTRICT SP",0.000000,0.000000,0.000000,0.000000,0.000000,0
OR,97116,"PORTLAND METRO DISTRICT SP",0.000000,0.000000,0.000000,0.000000,0.000000,0
OR,97117,"PORTLAND METRO DISTRICT SP",0.000000,0.000000,0.000000,0,0.000000,0
OR,97118,"NORTH COAST DISTRICT SP",0.000000,0.000000,0.000000,0.000000,0.000000,0
OR,97119,"PORTLAND METRO DISTRICT SP",0.000000,0.000000,0.000000,0,0.000000,0
OR,97121,"NORTH COAST DISTRICT SP",0.000000,0.000000,0.000000,0.000000,0.000000,0
OR,97122,"NORTH COAST DISTRICT SP",0.000000,0.000000,0.000000,0,0.000000,0
OR,97123,"PORTLAND METRO DISTRICT SP",0.000000,0.000000,0.000000,0.000000,0.000000,0
OR,97124,"PORTLAND METRO DISTRICT SP",0.000000,0.000000,0.000000,0.000000,0.000000,0
OR,97125,"PORTLAND METRO DISTRICT SP",0.000000,0.000000,0.000000,0,0.000000,0
OR,97127,"WILLAMETTE VALLEY DISTRICT SP",0.000000,0.000000,0.000000,0.000000,0.000000,0
OR,97128,"WILLAMETTE VALLEY DISTRICT SP",0.000000,0.000000,0.000000,0.000000,0.000000,0
OR,97129,"OREGON STATE",0.000000,0.000000,0,0,0,0
OR,97130,"NORTH COAST DISTRICT SP",0.000000,0.000000,0.000000,0.000000,0.000000,0
OR,97131,"NORTH COAST DISTRICT SP",0.000000,0.000000,0.000000,0,0.000000,0
OR,97132,"WILLAMETTE VALLEY DISTRICT SP",0.000000,0.000000,0.000000,0.000000,0.000000,0
OR,97133,"PORTLAND METRO DISTRICT SP",0.000000,0.000000,0.000000,0.000000,0.000000,0
OR,97134,"NORTH COAST DISTRICT SP",0.000000,0.000000,0.000000,0,0.000000,0
OR,97135,"NORTH COAST DISTRICT SP",0.000000,0.000000,0.000000,0,0.000000,0
OR,97136,"NORTH COAST DISTRICT SP",0.000000,0.000000,0.000000,0.000000,0.000000,0
OR,97137,"WILLAMETTE VALLEY DISTRICT SP",0.000000,0.000000,0.000000,0,0.000000,0
OR,97138,"NORTH COAST DISTRICT SP",0.000000,0.000000,0.000000,0.000000,0.000000,0
OR,97140,"PORTLAND METRO DISTRICT SP",0.000000,0.000000,0.000000,0.000000,0.000000,0
OR,97141,"NORTH COAST DISTRICT SP",0.000000,0.000000,0.000000,0,0.000000,0
OR,97143,"NORTH COAST DISTRICT SP",0.000000,0.000000,0.000000,0,0.000000,0
OR,97144,"PORTLAND METRO DISTRICT SP",0.000000,0.000000,0.000000,0,0.000000,0
OR,97145,"NORTH COAST DISTRICT SP",0.000000,0.000000,0.000000,0.000000,0.000000,0
OR,97146,"NORTH COAST DISTRICT SP",0.000000,0.000000,0.000000,0.000000,0.000000,0
OR,97147,"NORTH COAST DISTRICT SP",0.000000,0.000000,0.000000,0.000000,0.000000,0
OR,97148,"WILLAMETTE VALLEY DISTRICT SP",0.000000,0.000000,0.000000,0,0.000000,0
OR,97149,"NORTH COAST DISTRICT SP",0.000000,0.000000,0.000000,0,0.000000,0
OR,97202,"PORTLAND METRO DISTRICT SP",0.000000,0.000000,0.000000,0,0.000000,0
OR,97206,"PORTLAND METRO DISTRICT SP",0.000000,0.000000,0.000000,0,0.000000,0
OR,97208,"OREGON STATE",0.000000,0.000000,0,0,0,0
OR,97210,"PORTLAND METRO DISTRICT SP",0.000000,0.000000,0.000000,0,0.000000,0
OR,97214,"OREGON STATE",0.000000,0.000000,0,0,0,0
OR,97215,"OREGON STATE",0.000000,0.000000,0,0,0,0
OR,97216,"OREGON STATE",0.000000,0.000000,0,0,0,0
OR,97217,"OREGON STATE",0.000000,0.000000,0,0,0,0
OR,97219,"PORTLAND METRO DISTRICT SP",0.000000,0.000000,0.000000,0,0.000000,0
OR,97220,"PORTLAND METRO DISTRICT SP",0.000000,0.000000,0.000000,0.000000,0.000000,0
OR,97221,"PORTLAND METRO DISTRICT SP",0.000000,0.000000,0.000000,0,0.000000,0
OR,97222,"PORTLAND METRO DISTRICT SP",0.000000,0.000000,0.000000,0.000000,0.000000,0
OR,97223,"PORTLAND METRO DISTRICT SP",0.000000,0.000000,0.000000,0.000000,0.000000,0
OR,97224,"PORTLAND METRO DISTRICT SP",0.000000,0.000000,0.000000,0.000000,0.000000,0
OR,97225,"PORTLAND METRO DISTRICT SP",0.000000,0.000000,0.000000,0,0.000000,0
OR,97229,"PORTLAND METRO DISTRICT SP",0.000000,0.000000,0.000000,0,0.000000,0
OR,97230,"PORTLAND METRO DISTRICT SP",0.000000,0.000000,0.000000,0.000000,0.000000,0
OR,97231,"PORTLAND METRO DISTRICT SP",0.000000,0.000000,0.000000,0,0.000000,0
OR,97233,"PORTLAND METRO DISTRICT SP",0.000000,0.000000,0.000000,0.000000,0.000000,0
OR,97236,"PORTLAND METRO DISTRICT SP",0.000000,0.000000,0.000000,0.000000,0.000000,0
OR,97239,"OREGON STATE",0.000000,0.000000,0,0,0,0
OR,97240,"OREGON STATE",0.000000,0.000000,0,0,0,0
OR,97250,"OREGON STATE",0.000000,0.000000,0,0,0,0
OR,97251,"OREGON STATE",0.000000,0.000000,0,0,0,0
OR,97266,"PORTLAND METRO DISTRICT SP",0.000000,0.000000,0.000000,0,0.000000,0
OR,97267,"PORTLAND METRO DISTRICT SP",0.000000,0.000000,0.000000,0,0.000000,0
OR,97268,"PORTLAND METRO DISTRICT SP",0.000000,0.000000,0.000000,0,0.000000,0
OR,97269,"PORTLAND METRO DISTRICT SP",0.000000,0.000000,0.000000,0.000000,0.000000,0
OR,97281,"PORTLAND METRO DISTRICT SP",0.000000,0.000000,0.000000,0.000000,0.000000,0
OR,97298,"PORTLAND METRO DISTRICT SP",0.000000,0.000000,0.000000,0.000000,0.000000,0
OR,97301,"WILLAMETTE VALLEY DISTRICT SP",0.000000,0.000000,0.000000,0.000000,0.000000,0
OR,97302,"WILLAMETTE VALLEY DISTRICT SP",0.000000,0.000000,0.000000,0.000000,0.000000,0
OR,97303,"WILLAMETTE VALLEY DISTRICT SP",0.000000,0.000000,0.000000,0.000000,0.000000,0
OR,97304,"WILLAMETTE VALLEY DISTRICT SP",0.000000,0.000000,0.000000,0.000000,0.000000,0
OR,97305,"WILLAMETTE VALLEY DISTRICT SP",0.000000,0.000000,0.000000,0,0.000000,0
OR,97306,"WILLAMETTE VALLEY DISTRICT SP",0.000000,0.000000,0.000000,0.000000,0.000000,0
OR,97307,"WILLAMETTE VALLEY DISTRICT SP",0.000000,0.000000,0.000000,0.000000,0.000000,0
OR,97308,"WILLAMETTE VALLEY DISTRICT SP",0.000000,0.000000,0.000000,0,0.000000,0
OR,97309,"WILLAMETTE VALLEY DISTRICT SP",0.000000,0.000000,0.000000,0.000000,0.000000,0
OR,97310,"WILLAMETTE VALLEY DISTRICT SP",0.000000,0.000000,0.000000,0.000000,0.000000,0
OR,97311,"WILLAMETTE VALLEY DISTRICT SP",0.000000,0.000000,0.000000,0.000000,0.000000,0
OR,97312,"WILLAMETTE VALLEY DISTRICT SP",0.000000,0.000000,0.000000,0.000000,0.000000,0
OR,97314,"WILLAMETTE VALLEY DISTRICT SP",0.000000,0.000000,0.000000,0.000000,0.000000,0
OR,97317,"WILLAMETTE VALLEY DISTRICT SP",0.000000,0.000000,0.000000,0,0.000000,0
OR,97321,"WILLAMETTE VALLEY DISTRICT SP",0.000000,0.000000,0.000000,0.000000,0.000000,0
OR,97322,"WILLAMETTE VALLEY DISTRICT SP",0.000000,0.000000,0.000000,0.000000,0.000000,0
OR,97324,"WILLAMETTE VALLEY DISTRICT SP",0.000000,0.000000,0.000000,0,0.000000,0
OR,97325,"WILLAMETTE VALLEY DISTRICT SP",0.000000,0.000000,0.000000,0,0.000000,0
OR,97326,"WILLAMETTE VALLEY DISTRICT SP",0.000000,0.000000,0.000000,0,0.000000,0
OR,97327,"WILLAMETTE VALLEY DISTRICT SP",0.000000,0.000000,0.000000,0.000000,0.000000,0
OR,97329,"WILLAMETTE VALLEY DISTRICT SP",0.000000,0.000000,0.000000,0,0.000000,0
OR,97330,"WILLAMETTE VALLEY DISTRICT SP",0.000000,0.000000,0.000000,0.000000,0.000000,0
OR,97331,"WILLAMETTE VALLEY DISTRICT SP",0.000000,0.000000,0.000000,0.000000,0.000000,0
OR,97333,"WILLAMETTE VALLEY DISTRICT SP",0.000000,0.000000,0.000000,0.000000,0.000000,0
OR,97335,"WILLAMETTE VALLEY DISTRICT SP",0.000000,0.000000,0.000000,0,0.000000,0
OR,97336,"WILLAMETTE VALLEY DISTRICT SP",0.000000,0.000000,0.000000,0,0.000000,0
OR,97338,"WILLAMETTE VALLEY DISTRICT SP",0.000000,0.000000,0.000000,0.000000,0.000000,0
OR,97339,"WILLAMETTE VALLEY DISTRICT SP",0.000000,0.000000,0.000000,0.000000,0.000000,0
OR,97341,"CENTRAL COAST DISTRICT SP",0.000000,0.000000,0.000000,0,0.000000,0
OR,97342,"WILLAMETTE VALLEY DISTRICT SP",0.000000,0.000000,0.000000,0.000000,0.000000,0
OR,97343,"CENTRAL COAST DISTRICT SP",0.000000,0.000000,0.000000,0,0.000000,0
OR,97344,"WILLAMETTE VALLEY DISTRICT SP",0.000000,0.000000,0.000000,0.000000,0.000000,0
OR,97345,"WILLAMETTE VALLEY DISTRICT SP",0.000000,0.000000,0.000000,0,0.000000,0
OR,97346,"WILLAMETTE VALLEY DISTRICT SP",0.000000,0.000000,0.000000,0.000000,0.000000,0
OR,97347,"WILLAMETTE VALLEY DISTRICT SP",0.000000,0.000000,0.000000,0,0.000000,0
OR,97348,"WILLAMETTE VALLEY DISTRICT SP",0.000000,0.000000,0.000000,0.000000,0.000000,0
OR,97350,"WILLAMETTE VALLEY DISTRICT SP",0.000000,0.000000,0.000000,0.000000,0.000000,0
OR,97351,"WILLAMETTE VALLEY DISTRICT SP",0.000000,0.000000,0.000000,0.000000,0.000000,0
OR,97352,"WILLAMETTE VALLEY DISTRICT SP",0.000000,0.000000,0.000000,0,0.000000,0
OR,97355,"WILLAMETTE VALLEY DISTRICT SP",0.000000,0.000000,0.000000,0.000000,0.000000,0
OR,97357,"CENTRAL COAST DISTRICT SP",0.000000,0.000000,0.000000,0,0.000000,0
OR,97358,"WILLAMETTE VALLEY DISTRICT SP",0.000000,0.000000,0.000000,0.000000,0.000000,0
OR,97360,"WILLAMETTE VALLEY DISTRICT SP",0.000000,0.000000,0.000000,0.000000,0.000000,0
OR,97361,"WILLAMETTE VALLEY DISTRICT SP",0.000000,0.000000,0.000000,0.000000,0.000000,0
OR,97362,"WILLAMETTE VALLEY DISTRICT SP",0.000000,0.000000,0.000000,0.000000,0.000000,0
OR,97364,"CENTRAL COAST DISTRICT SP",0.000000,0.000000,0.000000,0,0.000000,0
OR,97365,"CENTRAL COAST DISTRICT SP",0.000000,0.000000,0.000000,0.000000,0.000000,0
OR,97366,"CENTRAL COAST DISTRICT SP",0.000000,0.000000,0.000000,0.000000,0.000000,0
OR,97367,"CENTRAL COAST DISTRICT SP",0.000000,0.000000,0.000000,0.000000,0.000000,0
OR,97368,"CENTRAL COAST DISTRICT SP",0.000000,0.000000,0.000000,0,0.000000,0
OR,97369,"CENTRAL COAST DISTRICT SP",0.000000,0.000000,0.000000,0,0.000000,0
OR,97370,"WILLAMETTE VALLEY DISTRICT SP",0.000000,0.000000,0.000000,0.000000,0.000000,0
OR,97371,"WILLAMETTE VALLEY DISTRICT SP",0.000000,0.000000,0.000000,0,0.000000,0
OR,97373,"WILLAMETTE VALLEY DISTRICT SP",0.000000,0.000000,0.000000,0,0.000000,0
OR,97374,"WILLAMETTE VALLEY DISTRICT SP",0.000000,0.000000,0.000000,0,0.000000,0
OR,97375,"WILLAMETTE VALLEY DISTRICT SP",0.000000,0.000000,0.000000,0,0.000000,0
OR,97376,"CENTRAL COAST DISTRICT SP",0.000000,0.000000,0.000000,0,0.000000,0
OR,97377,"WILLAMETTE VALLEY DISTRICT SP",0.000000,0.000000,0.000000,0,0.000000,0
OR,97378,"WILLAMETTE VALLEY DISTRICT SP",0.000000,0.000000,0.000000,0.000000,0.000000,0
OR,97380,"CENTRAL COAST DISTRICT SP",0.000000,0.000000,0.000000,0,0.000000,0
OR,97381,"WILLAMETTE VALLEY DISTRICT SP",0.000000,0.000000,0.000000,0.000000,0.000000,0
OR,97383,"WILLAMETTE VALLEY DISTRICT SP",0.000000,0.000000,0.000000,0.000000,0.000000,0
OR,97384,"WILLAMETTE VALLEY DISTRICT SP",0.000000,0.000000,0.000000,0.000000,0.000000,0
OR,97385,"WILLAMETTE VALLEY DISTRICT SP",0.000000,0.000000,0.000000,0.000000,0.000000,0
OR,97386,"WILLAMETTE VALLEY DISTRICT SP",0.000000,0.000000,0.000000,0.000000,0.000000,0
OR,97388,"CENTRAL COAST DISTRICT SP",0.000000,0.000000,0.000000,0,0.000000,0
OR,97389,"WILLAMETTE VALLEY DISTRICT SP",0.000000,0.000000,0.000000,0.000000,0.000000,0
OR,97390,"CENTRAL COAST DISTRICT SP",0.000000,0.000000,0.000000,0,0.000000,0
OR,97391,"CENTRAL COAST DISTRICT SP",0.000000,0.000000,0.000000,0.000000,0.000000,0
OR,97392,"WILLAMETTE VALLEY DISTRICT SP",0.000000,0.000000,0.000000,0,0.000000,0
OR,97394,"CENTRAL COAST DISTRICT SP",0.000000,0.000000,0.000000,0,0.000000,0
OR,97396,"WILLAMETTE VALLEY DISTRICT SP",0.000000,0.000000,0.000000,0.000000,0.000000,0
OR,97401,"WILLAMETTE VALLEY DISTRICT SP",0.000000,0.000000,0.000000,0.000000,0.000000,0
OR,97402,"WILLAMETTE VALLEY DISTRICT SP",0.000000,0.000000,0.000000,0.000000,0.000000,0
OR,97403,"WILLAMETTE VALLEY DISTRICT SP",0.000000,0.000000,0.000000,0.000000,0.000000,0
OR,97404,"WILLAMETTE VALLEY DISTRICT SP",0.000000,0.000000,0.000000,0,0.000000,0
OR,97405,"WILLAMETTE VALLEY DISTRICT SP",0.000000,0.000000,0.000000,0.000000,0.000000,0
OR,97406,"SOUTH COAST DISTRICT SP",0.000000,0.000000,0.000000,0,0.000000,0
OR,97407,"SOUTH COAST DISTRICT SP",0.000000,0.000000,0.000000,0,0.000000,0
OR,97408,"WILLAMETTE VALLEY DISTRICT SP",0.000000,0.000000,0.000000,0.000000,0.000000,0
OR,97409,"OREGON STATE",0.000000,0.000000,0,0,0,0
OR,97410,"DOUGLAS COUNTY",0.000000,0.000000,0.000000,0,0.000000,0
OR,97411,"SOUTH COAST DISTRICT SP",0.000000,0.000000,0.000000,0.000000,0.000000,0
OR,97412,"WILLAMETTE VALLEY DISTRICT SP",0.000000,0.000000,0.000000,0,0.000000,0
OR,97413,"WILLAMETTE VALLEY DISTRICT SP",0.000000,0.000000,0.000000,0,0.000000,0
OR,97414,"SOUTH COAST DISTRICT SP",0.000000,0.000000,0.000000,0,0.000000,0
OR,97415,"SOUTH COAST DISTRICT SP",0.000000,0.000000,0.000000,0.000000,0.000000,0
OR,97416,"DOUGLAS COUNTY",0.000000,0.000000,0.000000,0,0.000000,0
OR,97417,"SOUTHERN DISTRICT SP",0.000000,0.000000,0.000000,0.000000,0.000000,0
OR,97419,"WILLAMETTE VALLEY DISTRICT SP",0.000000,0.000000,0.000000,0,0.000000,0
OR,97420,"SOUTH COAST DISTRICT SP",0.000000,0.000000,0.000000,0.000000,0.000000,0
OR,97423,COQUILLE,0.000000,0.000000,0.000000,0.000000,0.000000,0
OR,97424,"WILLAMETTE VALLEY DISTRICT SP",0.000000,0.000000,0.000000,0.000000,0.000000,0
OR,97426,"WILLAMETTE VALLEY DISTRICT SP",0.000000,0.000000,0.000000,0.000000,0.000000,0
OR,97429,"DOUGLAS COUNTY",0.000000,0.000000,0.000000,0,0.000000,0
OR,97430,"WILLAMETTE VALLEY DISTRICT SP",0.000000,0.000000,0.000000,0,0.000000,0
OR,97431,"WILLAMETTE VALLEY DISTRICT SP",0.000000,0.000000,0.000000,0,0.000000,0
OR,97432,"DOUGLAS COUNTY",0.000000,0.000000,0.000000,0,0.000000,0
OR,97434,"WILLAMETTE VALLEY DISTRICT SP",0.000000,0.000000,0.000000,0,0.000000,0
OR,97435,"DOUGLAS COUNTY",0.000000,0.000000,0.000000,0,0.000000,0
OR,97436,"DOUGLAS COUNTY",0.000000,0.000000,0.000000,0,0.000000,0
OR,97437,"WILLAMETTE VALLEY DISTRICT SP",0.000000,0.000000,0.000000,0,0.000000,0
OR,97438,"WILLAMETTE VALLEY DISTRICT SP",0.000000,0.000000,0.000000,0,0.000000,0
OR,97439,"CENTRAL COAST DISTRICT SP",0.000000,0.000000,0.000000,0.000000,0.000000,0
OR,97440,"WILLAMETTE VALLEY DISTRICT SP",0.000000,0.000000,0.000000,0.000000,0.000000,0
OR,97441,"CENTRAL COAST DISTRICT SP",0.000000,0.000000,0.000000,0,0.000000,0
OR,97442,"DOUGLAS COUNTY",0.000000,0.000000,0.000000,0,0.000000,0
OR,97443,"DOUGLAS COUNTY",0.000000,0.000000,0.000000,0,0.000000,0
OR,97444,"SOUTH COAST DISTRICT SP",0.000000,0.000000,0.000000,0.000000,0.000000,0
OR,97446,"WILLAMETTE VALLEY DISTRICT SP",0.000000,0.000000,0.000000,0.000000,0.000000,0
OR,97447,"DOUGLAS COUNTY",0.000000,0.000000,0.000000,0,0.000000,0
OR,97448,"WILLAMETTE VALLEY DISTRICT SP",0.000000,0.000000,0.000000,0.000000,0.000000,0
OR,97449,"SOUTH COAST DISTRICT SP",0.000000,0.000000,0.000000,0.000000,0.000000,0
OR,97450,"SOUTH COAST DISTRICT SP",0.000000,0.000000,0.000000,0,0.000000,0
OR,97451,"WILLAMETTE VALLEY DISTRICT SP",0.000000,0.000000,0.000000,0,0.000000,0
OR,97452,"WILLAMETTE VALLEY DISTRICT SP",0.000000,0.000000,0.000000,0.000000,0.000000,0
OR,97453,"CENTRAL COAST DISTRICT SP",0.000000,0.000000,0.000000,0,0.000000,0
OR,97454,"WILLAMETTE VALLEY DISTRICT SP",0.000000,0.000000,0.000000,0,0.000000,0
OR,97455,"WILLAMETTE VALLEY DISTRICT SP",0.000000,0.000000,0.000000,0,0.000000,0
OR,97456,"WILLAMETTE VALLEY DISTRICT SP",0.000000,0.000000,0.000000,0,0.000000,0
OR,97457,"DOUGLAS COUNTY",0.000000,0.000000,0.000000,0,0.000000,0
OR,97458,"SOUTH COAST DISTRICT SP",0.000000,0.000000,0.000000,0.000000,0.000000,0
OR,97459,"SOUTH COAST DISTRICT SP",0.000000,0.000000,0.000000,0.000000,0.000000,0
OR,97461,"WILLAMETTE VALLEY DISTRICT SP",0.000000,0.000000,0.000000,0,0.000000,0
OR,97462,"DOUGLAS COUNTY",0.000000,0.000000,0.000000,0,0.000000,0
OR,97463,"WILLAMETTE VALLEY DISTRICT SP",0.000000,0.000000,0.000000,0.000000,0.000000,0
OR,97464,"SOUTH COAST DISTRICT SP",0.000000,0.000000,0.000000,0,0.000000,0
OR,97465,"SOUTH COAST DISTRICT SP",0.000000,0.000000,0.000000,0.000000,0.000000,0
OR,97466,"SOUTH COAST DISTRICT SP",0.000000,0.000000,0.000000,0.000000,0.000000,0
OR,97467,"CENTRAL COAST DISTRICT SP",0.000000,0.000000,0.000000,0.000000,0.000000,0
OR,97469,"SOUTHERN DISTRICT SP",0.000000,0.000000,0.000000,0.000000,0.000000,0
OR,97470,"SOUTHERN DISTRICT SP",0.000000,0.000000,0.000000,0.000000,0.000000,0
OR,97471,"DOUGLAS COUNTY",0.000000,0.000000,0.000000,0,0.000000,0
OR,97473,"CENTRAL COAST DISTRICT SP",0.000000,0.000000,0.000000,0,0.000000,0
OR,97475,"WILLAMETTE VALLEY DISTRICT SP",0.000000,0.000000,0.000000,0.000000,0.000000,0
OR,97476,"SOUTH COAST DISTRICT SP",0.000000,0.000000,0.000000,0,0.000000,0
OR,97477,"WILLAMETTE VALLEY DISTRICT SP",0.000000,0.000000,0.000000,0.000000,0.000000,0
OR,97478,"WILLAMETTE VALLEY DISTRICT SP",0.000000,0.000000,0.000000,0.000000,0.000000,0
OR,97479,"SOUTHERN DISTRICT SP",0.000000,0.000000,0.000000,0.000000,0.000000,0
OR,97480,"WILLAMETTE VALLEY DISTRICT SP",0.000000,0.000000,0.000000,0,0.000000,0
OR,97481,"DOUGLAS COUNTY",0.000000,0.000000,0.000000,0,0.000000,0
OR,97484,"DOUGLAS COUNTY",0.000000,0.000000,0.000000,0,0.000000,0
OR,97486,"DOUGLAS COUNTY",0.000000,0.000000,0.000000,0,0.000000,0
OR,97487,"WILLAMETTE VALLEY DISTRICT SP",0.000000,0.000000,0.000000,0.000000,0.000000,0
OR,97488,"WILLAMETTE VALLEY DISTRICT SP",0.000000,0.000000,0.000000,0,0.000000,0
OR,97489,"WILLAMETTE VALLEY DISTRICT SP",0.000000,0.000000,0.000000,0,0.000000,0
OR,97490,"WILLAMETTE VALLEY DISTRICT SP",0.000000,0.000000,0.000000,0,0.000000,0
OR,97491,"OREGON STATE",0.000000,0.000000,0,0,0,0
OR,97492,"WILLAMETTE VALLEY DISTRICT SP",0.000000,0.000000,0.000000,0,0.000000,0
OR,97493,"CENTRAL COAST DISTRICT SP",0.000000,0.000000,0.000000,0.000000,0.000000,0
OR,97494,"DOUGLAS COUNTY",0.000000,0.000000,0.000000,0,0.000000,0
OR,97495,"DOUGLAS COUNTY",0.000000,0.000000,0.000000,0,0.000000,0
OR,97496,"SOUTHERN DISTRICT SP",0.000000,0.000000,0.000000,0.000000,0.000000,0
OR,97497,"SOUTHERN DISTRICT SP",0.000000,0.000000,0.000000,0,0.000000,0
OR,97498,"CENTRAL COAST DISTRICT SP",0.000000,0.000000,0.000000,0,0.000000,0
OR,97499,"DOUGLAS COUNTY",0.000000,0.000000,0.000000,0,0.000000,0
OR,97501,"SOUTHERN DISTRICT SP",0.000000,0.000000,0.000000,0.000000,0.000000,0
OR,97502,"SOUTHERN DISTRICT SP",0.000000,0.000000,0.000000,0.000000,0.000000,0
OR,97503,"SOUTHERN DISTRICT SP",0.000000,0.000000,0.000000,0,0.000000,0
OR,97504,"SOUTHERN DISTRICT SP",0.000000,0.000000,0.000000,0.000000,0.000000,0
OR,97520,"SOUTHERN DISTRICT SP",0.000000,0.000000,0.000000,0.000000,0.000000,0
OR,97522,"SOUTHERN DISTRICT SP",0.000000,0.000000,0.000000,0.000000,0.000000,0
OR,97523,"SOUTHERN DISTRICT SP",0.000000,0.000000,0.000000,0,0.000000,0
OR,97524,"SOUTHERN DISTRICT SP",0.000000,0.000000,0.000000,0,0.000000,0
OR,97525,"SOUTHERN DISTRICT SP",0.000000,0.000000,0.000000,0,0.000000,0
OR,97526,"SOUTHERN DISTRICT SP",0.000000,0.000000,0.000000,0.000000,0.000000,0
OR,97527,"SOUTHERN DISTRICT SP",0.000000,0.000000,0.000000,0,0.000000,0
OR,97528,"SOUTHERN DISTRICT SP",0.000000,0.000000,0.000000,0.000000,0.000000,0
OR,97530,"SOUTHERN DISTRICT SP",0.000000,0.000000,0.000000,0,0.000000,0
OR,97531,"SOUTHERN DISTRICT SP",0.000000,0.000000,0.000000,0,0.000000,0
OR,97532,"SOUTHERN DISTRICT SP",0.000000,0.000000,0.000000,0,0.000000,0
OR,97533,"OREGON STATE",0.000000,0.000000,0,0,0,0
OR,97534,"SOUTHERN DISTRICT SP",0.000000,0.000000,0.000000,0,0.000000,0
OR,97535,"SOUTHERN DISTRICT SP",0.000000,0.000000,0.000000,0.000000,0.000000,0
OR,97536,"SOUTHERN DISTRICT SP",0.000000,0.000000,0.000000,0,0.000000,0
OR,97537,"SOUTHERN DISTRICT SP",0.000000,0.000000,0.000000,0,0.000000,0
OR,97538,"SOUTHERN DISTRICT SP",0.000000,0.000000,0.000000,0,0.000000,0
OR,97539,"SOUTHERN DISTRICT SP",0.000000,0.000000,0.000000,0.000000,0.000000,0
OR,97540,"SOUTHERN DISTRICT SP",0.000000,0.000000,0.000000,0.000000,0.000000,0
OR,97541,"SOUTHERN DISTRICT SP",0.000000,0.000000,0.000000,0,0.000000,0
OR,97543,"SOUTHERN DISTRICT SP",0.000000,0.000000,0.000000,0,0.000000,0
OR,97544,"SOUTHERN DISTRICT SP",0.000000,0.000000,0.000000,0,0.000000,0
OR,97601,"SOUTHERN DISTRICT SP",0.000000,0.000000,0.000000,0.000000,0.000000,0
OR,97602,"SOUTHERN DISTRICT SP",0.000000,0.000000,0.000000,0.000000,0.000000,0
OR,97603,"SOUTHERN DISTRICT SP",0.000000,0.000000,0.000000,0,0.000000,0
OR,97604,"OREGON STATE",0.000000,0.000000,0,0,0,0
OR,97620,"SOUTHEASTERN DISTRICT SP",0.000000,0.000000,0.000000,0,0.000000,0
OR,97621,"SOUTHERN DISTRICT SP",0.000000,0.000000,0.000000,0,0.000000,0
OR,97622,"SOUTHERN DISTRICT SP",0.000000,0.000000,0.000000,0,0.000000,0
OR,97623,"SOUTHERN DISTRICT SP",0.000000,0.000000,0.000000,0,0.000000,0
OR,97624,"SOUTHERN DISTRICT SP",0.000000,0.000000,0.000000,0,0.000000,0
OR,97625,"SOUTHERN DISTRICT SP",0.000000,0.000000,0.000000,0,0.000000,0
OR,97626,"SOUTHERN DISTRICT SP",0.000000,0.000000,0.000000,0,0.000000,0
OR,97627,"SOUTHERN DISTRICT SP",0.000000,0.000000,0.000000,0,0.000000,0
OR,97630,"SOUTHEASTERN DISTRICT SP",0.000000,0.000000,0.000000,0.000000,0.000000,0
OR,97632,"SOUTHERN DISTRICT SP",0.000000,0.000000,0.000000,0,0.000000,0
OR,97633,"SOUTHERN DISTRICT SP",0.000000,0.000000,0.000000,0,0.000000,0
OR,97634,"OREGON STATE",0.000000,0.000000,0,0,0,0
OR,97635,"SOUTHEASTERN DISTRICT SP",0.000000,0.000000,0.000000,0,0.000000,0
OR,97636,"SOUTHEASTERN DISTRICT SP",0.000000,0.000000,0.000000,0,0.000000,0
OR,97637,"SOUTHEASTERN DISTRICT SP",0.000000,0.000000,0.000000,0,0.000000,0
OR,97638,"SOUTHEASTERN DISTRICT SP",0.000000,0.000000,0.000000,0,0.000000,0
OR,97639,"SOUTHERN DISTRICT SP",0.000000,0.000000,0.000000,0,0.000000,0
OR,97640,"SOUTHEASTERN DISTRICT SP",0.000000,0.000000,0.000000,0,0.000000,0
OR,97641,"SOUTHEASTERN DISTRICT SP",0.000000,0.000000,0.000000,0,0.000000,0
OR,97701,"CENTRAL DISTRICT SP",0.000000,0.000000,0.000000,0.000000,0.000000,0
OR,97702,"CENTRAL DISTRICT SP",0.000000,0.000000,0.000000,0.000000,0.000000,0
OR,97703,"CENTRAL DISTRICT SP",0.000000,0.000000,0.000000,0.000000,0.000000,0
OR,97707,"CENTRAL DISTRICT SP",0.000000,0.000000,0.000000,0,0.000000,0
OR,97708,"CENTRAL DISTRICT SP",0.000000,0.000000,0.000000,0.000000,0.000000,0
OR,97709,"CENTRAL DISTRICT SP",0.000000,0.000000,0.000000,0.000000,0.000000,0
OR,97710,"SOUTHEASTERN DISTRICT SP",0.000000,0.000000,0.000000,0,0.000000,0
OR,97711,"CENTRAL DISTRICT SP",0.000000,0.000000,0.000000,0,0.000000,0
OR,97712,"CENTRAL DISTRICT SP",0.000000,0.000000,0.000000,0,0.000000,0
OR,97720,"SOUTHEASTERN DISTRICT SP",0.000000,0.000000,0.000000,0.000000,0.000000,0
OR,97721,"SOUTHEASTERN DISTRICT SP",0.000000,0.000000,0.000000,0,0.000000,0
OR,97722,"SOUTHEASTERN DISTRICT SP",0.000000,0.000000,0.000000,0,0.000000,0
OR,97730,"CENTRAL DISTRICT SP",0.000000,0.000000,0.000000,0,0.000000,0
OR,97731,"SOUTHERN DISTRICT SP",0.000000,0.000000,0.000000,0,0.000000,0
OR,97732,"SOUTHEASTERN DISTRICT SP",0.000000,0.000000,0.000000,0,0.000000,0
OR,97733,"SOUTHERN DISTRICT SP",0.000000,0.000000,0.000000,0,0.000000,0
OR,97734,"CENTRAL DISTRICT SP",0.000000,0.000000,0.000000,0,0.000000,0
OR,97735,"SOUTHERN DISTRICT SP",0.000000,0.000000,0.000000,0,0.000000,0
OR,97736,"SOUTHEASTERN DISTRICT SP",0.000000,0.000000,0.000000,0,0.000000,0
OR,97737,"SOUTHERN DISTRICT SP",0.000000,0.000000,0.000000,0,0.000000,0
OR,97738,"SOUTHEASTERN DISTRICT SP",0.000000,0.000000,0.000000,0.000000,0.000000,0
OR,97739,"CENTRAL DISTRICT SP",0.000000,0.000000,0.000000,0,0.000000,0
OR,97741,"CENTRAL DISTRICT SP",0.000000,0.000000,0.000000,0.000000,0.000000,0
OR,97750,"NORTH EASTERN DISTRICT SP",0.000000,0.000000,0.000000,0,0.000000,0
OR,97751,"CENTRAL DISTRICT SP",0.000000,0.000000,0.000000,0,0.000000,0
OR,97752,"CENTRAL DISTRICT SP",0.000000,0.000000,0.000000,0,0.000000,0
OR,97753,"CENTRAL DISTRICT SP",0.000000,0.000000,0.000000,0,0.000000,0
OR,97754,"CENTRAL DISTRICT SP",0.000000,0.000000,0.000000,0,0.000000,0
OR,97756,"CENTRAL DISTRICT SP",0.000000,0.000000,0.000000,0.000000,0.000000,0
OR,97758,"SOUTHEASTERN DISTRICT SP",0.000000,0.000000,0.000000,0,0.000000,0
OR,97759,"CENTRAL DISTRICT SP",0.000000,0.000000,0.000000,0.000000,0.000000,0
OR,97760,"CENTRAL DISTRICT SP",0.000000,0.000000,0.000000,0,0.000000,0
OR,97761,"CENTRAL DISTRICT SP",0.000000,0.000000,0.000000,0,0.000000,0
OR,97801,"NORTH EASTERN DISTRICT SP",0.000000,0.000000,0.000000,0.000000,0.000000,0
OR,97810,"NORTH EASTERN DISTRICT SP",0.000000,0.000000,0.000000,0,0.000000,0
OR,97812,"NORTH EASTERN DISTRICT SP",0.000000,0.000000,0.000000,0,0.000000,0
OR,97813,"NORTH EASTERN DISTRICT SP",0.000000,0.000000,0.000000,0.000000,0.000000,0
OR,97814,"NORTH EASTERN DISTRICT SP",0.000000,0.000000,0.000000,0.000000,0.000000,0
OR,97817,"NORTH EASTERN DISTRICT SP",0.000000,0.000000,0.000000,0,0.000000,0
OR,97818,"NORTH EASTERN DISTRICT SP",0.000000,0.000000,0.000000,0.000000,0.000000,0
OR,97819,"NORTH EASTERN DISTRICT SP",0.000000,0.000000,0.000000,0,0.000000,0
OR,97820,"NORTH EASTERN DISTRICT SP",0.000000,0.000000,0.000000,0,0.000000,0
OR,97823,"NORTH EASTERN DISTRICT SP",0.000000,0.000000,0.000000,0.000000,0.000000,0
OR,97824,"NORTH EASTERN DISTRICT SP",0.000000,0.000000,0.000000,0,0.000000,0
OR,97825,"NORTH EASTERN DISTRICT SP",0.000000,0.000000,0.000000,0,0.000000,0
OR,97826,"NORTH EASTERN DISTRICT SP",0.000000,0.000000,0.000000,0,0.000000,0
OR,97827,"NORTH EASTERN DISTRICT SP",0.000000,0.000000,0.000000,0,0.000000,0
OR,97828,"NORTH EASTERN DISTRICT SP",0.000000,0.000000,0.000000,0.000000,0.000000,0
OR,97830,"NORTH EASTERN DISTRICT SP",0.000000,0.000000,0.000000,0,0.000000,0
OR,97833,"NORTH EASTERN DISTRICT SP",0.000000,0.000000,0.000000,0,0.000000,0
OR,97834,"NORTH EASTERN DISTRICT SP",0.000000,0.000000,0.000000,0,0.000000,0
OR,97835,"NORTH EASTERN DISTRICT SP",0.000000,0.000000,0.000000,0,0.000000,0
OR,97836,"MORROW COUNTY",0.000000,0.000000,0.000000,0,0.000000,0
OR,97837,"NORTH EASTERN DISTRICT SP",0.000000,0.000000,0.000000,0,0.000000,0
OR,97838,"NORTH EASTERN DISTRICT SP",0.000000,0.000000,0.000000,0.000000,0.000000,0
OR,97839,"MORROW COUNTY",0.000000,0.000000,0.000000,0,0.000000,0
OR,97840,"NORTH EASTERN DISTRICT SP",0.000000,0.000000,0.000000,0,0.000000,0
OR,97841,"NORTH EASTERN DISTRICT SP",0.000000,0.000000,0.000000,0,0.000000,0
OR,97842,"NORTH EASTERN DISTRICT SP",0.000000,0.000000,0.000000,0,0.000000,0
OR,97843,"MORROW COUNTY",0.000000,0.000000,0.000000,0,0.000000,0
OR,97844,"MORROW COUNTY",0.000000,0.000000,0.000000,0,0.000000,0
OR,97845,"NORTH EASTERN DISTRICT SP",0.000000,0.000000,0.000000,0.000000,0.000000,0
OR,97846,"NORTH EASTERN DISTRICT SP",0.000000,0.000000,0.000000,0,0.000000,0
OR,97848,"NORTH EASTERN DISTRICT SP",0.000000,0.000000,0.000000,0,0.000000,0
OR,97850,"NORTH EASTERN DISTRICT SP",0.000000,0.000000,0.000000,0.000000,0.000000,0
OR,97856,"NORTH EASTERN DISTRICT SP",0.000000,0.000000,0.000000,0,0.000000,0
OR,97857,"NORTH EASTERN DISTRICT SP",0.000000,0.000000,0.000000,0,0.000000,0
OR,97859,"NORTH EASTERN DISTRICT SP",0.000000,0.000000,0.000000,0,0.000000,0
OR,97861,"NORTH EASTERN DISTRICT SP",0.000000,0.000000,0.000000,0,0.000000,0
OR,97862,"NORTH EASTERN DISTRICT SP",0.000000,0.000000,0.000000,0.000000,0.000000,0
OR,97864,"NORTH EASTERN DISTRICT SP",0.000000,0.000000,0.000000,0.000000,0.000000,0
OR,97865,"NORTH EASTERN DISTRICT SP",0.000000,0.000000,0.000000,0,0.000000,0
OR,97867,"NORTH EASTERN DISTRICT SP",0.000000,0.000000,0.000000,0.000000,0.000000,0
OR,97868,"NORTH EASTERN DISTRICT SP",0.000000,0.000000,0.000000,0,0.000000,0
OR,97869,"NORTH EASTERN DISTRICT SP",0.000000,0.000000,0.000000,0.000000,0.000000,0
OR,97870,"NORTH EASTERN DISTRICT SP",0.000000,0.000000,0.000000,0,0.000000,0
OR,97873,"NORTH EASTERN DISTRICT SP",0.000000,0.000000,0.000000,0,0.000000,0
OR,97874,"NORTH EASTERN DISTRICT SP",0.000000,0.000000,0.000000,0,0.000000,0
OR,97875,"NORTH EASTERN DISTRICT SP",0.000000,0.000000,0.000000,0.000000,0.000000,0
OR,97876,"NORTH EASTERN DISTRICT SP",0.000000,0.000000,0.000000,0,0.000000,0
OR,97877,"NORTH EASTERN DISTRICT SP",0.000000,0.000000,0.000000,0.000000,0.000000,0
OR,97880,"NORTH EASTERN DISTRICT SP",0.000000,0.000000,0.000000,0.000000,0.000000,0
OR,97882,"NORTH EASTERN DISTRICT SP",0.000000,0.000000,0.000000,0.000000,0.000000,0
OR,97883,"NORTH EASTERN DISTRICT SP",0.000000,0.000000,0.000000,0.000000,0.000000,0
OR,97884,"NORTH EASTERN DISTRICT SP",0.000000,0.000000,0.000000,0,0.000000,0
OR,97885,"NORTH EASTERN DISTRICT SP",0.000000,0.000000,0.000000,0.000000,0.000000,0
OR,97886,"NORTH EASTERN DISTRICT SP",0.000000,0.000000,0.000000,0,0.000000,0
OR,97901,"SOUTHEASTERN DISTRICT SP",0.000000,0.000000,0.000000,0,0.000000,0
OR,97902,"SOUTHEASTERN DISTRICT SP",0.000000,0.000000,0.000000,0,0.000000,0
OR,97903,"SOUTHEASTERN DISTRICT SP",0.000000,0.000000,0.000000,0,0.000000,0
OR,97904,"SOUTHEASTERN DISTRICT SP",0.000000,0.000000,0.000000,0,0.000000,0
OR,97905,"NORTH EASTERN DISTRICT SP",0.000000,0.000000,0.000000,0,0.000000,0
OR,97906,"SOUTHEASTERN DISTRICT SP",0.000000,0.000000,0.000000,0,0.000000,0
OR,97907,"NORTH EASTERN DISTRICT SP",0.000000,0.000000,0.000000,0.000000,0.000000,0
OR,97908,"SOUTHEASTERN DISTRICT SP",0.000000,0.000000,0.000000,0,0.000000,0
OR,97909,"SOUTHEASTERN DISTRICT SP",0.000000,0.000000,0.000000,0,0.000000,0
OR,97910,"SOUTHEASTERN DISTRICT SP",0.000000,0.000000,0.000000,0,0.000000,0
OR,97911,"SOUTHEASTERN DISTRICT SP",0.000000,0.000000,0.000000,0,0.000000,0
OR,97913,"SOUTHEASTERN DISTRICT SP",0.000000,0.000000,0.000000,0.000000,0.000000,0
OR,97914,"SOUTHEASTERN DISTRICT SP",0.000000,0.000000,0.000000,0.000000,0.000000,0
OR,97917,"SOUTHEASTERN DISTRICT SP",0.000000,0.000000,0.000000,0,0.000000,0
OR,97918,"SOUTHEASTERN DISTRICT SP",0.000000,0.000000,0.000000,0.000000,0.000000,0
OR,97920,"SOUTHEASTERN DISTRICT SP",0.000000,0.000000,0.000000,0,0.000000,0
